year,seas,fleet,catch,catch se
-999,1,1,0,0.05
-999,2,1,0,0.01
-999,3,1,0,0.01
-999,4,1,0,0.01
#1975,1,1,0,0.01
#1975,2,1,0,0.01
#1975,3,1,0,0.01
#1975,4,1,0,0.01
#1976,1,1,0,0.01
#1976,2,1,0,0.01
#1976,3,1,0,0.01
#1976,4,1,0,0.01
1977,1,1,0,0.01
1977,2,1,0,0.01
1977,3,1,0,0.01
1977,4,1,0,0.01
1978,1,1,0,0.01
1978,2,1,0,0.01
1978,3,1,0,0.01
1978,4,1,0,0.01
1979,1,1,0,0.01
1979,2,1,0,0.01
1979,3,1,0,0.01
1979,4,1,0,0.01
1980,1,1,0,0.01
1980,2,1,0,0.01
1980,3,1,0,0.01
1980,4,1,0,0.01
1981,1,1,0,0.01
1981,2,1,0,0.01
1981,3,1,0,0.01
1981,4,1,0,0.01
1982,1,1,0,0.01
1982,2,1,0,0.01
1982,3,1,0,0.01
1982,4,1,0,0.01
1983,1,1,0,0.01
1983,2,1,0,0.01
1983,3,1,0,0.01
1983,4,1,0,0.01
1984,1,1,0,0.01
1984,2,1,0,0.01
1984,3,1,0,0.01
1984,4,1,0,0.01
1985,1,1,0,0.01
1985,2,1,0,0.01
1985,3,1,0,0.01
1985,4,1,0,0.01
1986,1,1,0,0.01
1986,2,1,0,0.01
1986,3,1,0,0.01
1986,4,1,0,0.01
1987,1,1,0,0.01
1987,2,1,0,0.01
1987,3,1,0,0.01
1987,4,1,0,0.01
1988,1,1,0,0.01
1988,2,1,0,0.01
1988,3,1,0,0.01
1988,4,1,0,0.01
1989,1,1,0,0.01
1989,2,1,0,0.01
1989,3,1,0,0.01
1989,4,1,0,0.01
1990,1,1,0,0.01
1990,2,1,0,0.01
1990,3,1,0,0.01
1990,4,1,0,0.01
1991,1,1,0,0.01
1991,2,1,0,0.01
1991,3,1,0,0.01
1991,4,1,0,0.01
1992,1,1,0,0.01
1992,2,1,0,0.01
1992,3,1,0,0.01
1992,4,1,0,0.01
1993,1,1,0,0.01
1993,2,1,0,0.01
1993,3,1,0,0.01
1993,4,1,0,0.01
1994,1,1,2.04,0.05
1994,2,1,0,0.01
1994,3,1,0,0.01
1994,4,1,0,0.01
1995,1,1,2.3,0.05
1995,2,1,0,0.01
1995,3,1,0,0.01
1995,4,1,0,0.01
1996,1,1,2.34,0.05
1996,2,1,0,0.01
1996,3,1,0,0.01
1996,4,1,0,0.01
1997,1,1,2.67,0.05
1997,2,1,0,0.01
1997,3,1,0,0.01
1997,4,1,0,0.01
1998,1,1,2.27,0.05
1998,2,1,0,0.01
1998,3,1,0,0.01
1998,4,1,0,0.01
1999,1,1,3.1,0.05
1999,2,1,0,0.01
1999,3,1,0,0.01
1999,4,1,0,0.01
2000,1,1,0.98,0.05
2000,2,1,0,0.01
2000,3,1,0,0.01
2000,4,1,0,0.01
2001,1,1,1.1,0.05
2001,2,1,0,0.01
2001,3,1,0,0.01
2001,4,1,0,0.01
2002,1,1,1.07,0.05
2002,2,1,0,0.01
2002,3,1,0,0.01
2002,4,1,0,0.01
2003,1,1,1.14,0.05
2003,2,1,0,0.01
2003,3,1,0,0.01
2003,4,1,0,0.01
2004,1,1,2.7,0.05
2004,2,1,0,0.01
2004,3,1,0,0.01
2004,4,1,0,0.01
2005,1,1,1.87,0.05
2005,2,1,0,0.01
2005,3,1,0,0.01
2005,4,1,0,0.01
2006,1,1,1.23,0.05
2006,2,1,0,0.01
2006,3,1,0,0.01
2006,4,1,0,0.01
2007,1,1,2.14,0.05
2007,2,1,0,0.01
2007,3,1,0,0.01
2007,4,1,0,0.01
2008,1,1,2.87,0.05
2008,2,1,0,0.01
2008,3,1,0,0.01
2008,4,1,0,0.01
2009,1,1,2.33,0.05
2009,2,1,0,0.01
2009,3,1,0,0.01
2009,4,1,0,0.01
2010,1,1,2.98,0.05
2010,2,1,0,0.01
2010,3,1,0,0.01
2010,4,1,0,0.01
2011,1,1,1.99,0.05
2011,2,1,0,0.01
2011,3,1,0,0.01
2011,4,1,0,0.01
2012,1,1,3.1,0.05
2012,2,1,0,0.01
2012,3,1,0,0.01
2012,4,1,0,0.01
2013,1,1,3.91,0.05
2013,2,1,0,0.01
2013,3,1,0,0.01
2013,4,1,0,0.01
2014,1,1,2.6,0.05
2014,2,1,0,0.01
2014,3,1,0,0.01
2014,4,1,0,0.01
2015,1,1,2.27,0.05
2015,2,1,0,0.01
2015,3,1,0,0.01
2015,4,1,0,0.01
2016,1,1,3.77,0.05
2016,2,1,0,0.01
2016,3,1,0,0.01
2016,4,1,0,0.01
2017,1,1,3.53,0.05
2017,2,1,0,0.01
2017,3,1,0,0.01
2017,4,1,0,0.01
2018,1,1,2.42,0.05
2018,2,1,0,0.01
2018,3,1,0,0.01
2018,4,1,0,0.01
2019,1,1,3.37,0.05
2019,2,1,0,0.01
2019,3,1,0,0.01
2019,4,1,0,0.01
2020,1,1,7.42,0.05
2020,2,1,0,0.01
2020,3,1,0,0.01
2020,4,1,0,0.01
-999,1,2,0,0.05
-999,2,2,0,0.01
-999,3,2,0,0.01
-999,4,2,0,0.01
#1975,1,2,8.1,0.05
#1975,2,2,0,0.01
#1975,3,2,0,0.01
#1975,4,2,0,0.01
#1976,1,2,10.44,0.05
#1976,2,2,0,0.01
#1976,3,2,0,0.01
#1976,4,2,0,0.01
1977,1,2,8,0.05
1977,2,2,0,0.01
1977,3,2,0,0.01
1977,4,2,0,0.01
1978,1,2,6.69,0.05
1978,2,2,0,0.01
1978,3,2,0,0.01
1978,4,2,0,0.01
1979,1,2,11.68,0.05
1979,2,2,0,0.01
1979,3,2,0,0.01
1979,4,2,0,0.01
1980,1,2,14.35,0.05
1980,2,2,0,0.01
1980,3,2,0,0.01
1980,4,2,0,0.01
1981,1,2,10.27,0.05
1981,2,2,0,0.01
1981,3,2,0,0.01
1981,4,2,0,0.01
1982,1,2,8.46,0.05
1982,2,2,0,0.01
1982,3,2,0,0.01
1982,4,2,0,0.01
1983,1,2,5.73,0.05
1983,2,2,0,0.01
1983,3,2,0,0.01
1983,4,2,0,0.01
1984,1,2,8.8,0.05
1984,2,2,0,0.01
1984,3,2,0,0.01
1984,4,2,0,0.01
1985,1,2,9.22,0.05
1985,2,2,0,0.01
1985,3,2,0,0.01
1985,4,2,0,0.01
1986,1,2,17.7,0.05
1986,2,2,0,0.01
1986,3,2,0,0.01
1986,4,2,0,0.01
1987,1,2,8.61,0.05
1987,2,2,0,0.01
1987,3,2,0,0.01
1987,4,2,0,0.01
1988,1,2,9.42,0.05
1988,2,2,0,0.01
1988,3,2,0,0.01
1988,4,2,0,0.01
1989,1,2,7.79,0.05
1989,2,2,0,0.01
1989,3,2,0,0.01
1989,4,2,0,0.01
1990,1,2,4.77,0.05
1990,2,2,0,0.01
1990,3,2,0,0.01
1990,4,2,0,0.01
1991,1,2,6.82,0.05
1991,2,2,0,0.01
1991,3,2,0,0.01
1991,4,2,0,0.01
1992,1,2,4.31,0.05
1992,2,2,0,0.01
1992,3,2,0,0.01
1992,4,2,0,0.01
1993,1,2,7.68,0.05
1993,2,2,0,0.01
1993,3,2,0,0.01
1993,4,2,0,0.01
1994,1,2,6.98,0.05
1994,2,2,0,0.01
1994,3,2,0,0.01
1994,4,2,0,0.01
1995,1,2,7.47,0.05
1995,2,2,0,0.01
1995,3,2,0,0.01
1995,4,2,0,0.01
1996,1,2,6.05,0.05
1996,2,2,0,0.01
1996,3,2,0,0.01
1996,4,2,0,0.01
1997,1,2,6.03,0.05
1997,2,2,0,0.01
1997,3,2,0,0.01
1997,4,2,0,0.01
1998,1,2,5.88,0.05
1998,2,2,0,0.01
1998,3,2,0,0.01
1998,4,2,0,0.01
1999,1,2,5.73,0.05
1999,2,2,0,0.01
1999,3,2,0,0.01
1999,4,2,0,0.01
2000,1,2,4.75,0.05
2000,2,2,0,0.01
2000,3,2,0,0.01
2000,4,2,0,0.01
2001,1,2,5.39,0.05
2001,2,2,0,0.01
2001,3,2,0,0.01
2001,4,2,0,0.01
2002,1,2,5.75,0.05
2002,2,2,0,0.01
2002,3,2,0,0.01
2002,4,2,0,0.01
2003,1,2,6.31,0.05
2003,2,2,0,0.01
2003,3,2,0,0.01
2003,4,2,0,0.01
2004,1,2,4.89,0.05
2004,2,2,0,0.01
2004,3,2,0,0.01
2004,4,2,0,0.01
2005,1,2,2.58,0.05
2005,2,2,0,0.01
2005,3,2,0,0.01
2005,4,2,0,0.01
2006,1,2,2.33,0.05
2006,2,2,0,0.01
2006,3,2,0,0.01
2006,4,2,0,0.01
2007,1,2,1.99,0.05
2007,2,2,0,0.01
2007,3,2,0,0.01
2007,4,2,0,0.01
2008,1,2,2.49,0.05
2008,2,2,0,0.01
2008,3,2,0,0.01
2008,4,2,0,0.01
2009,1,2,1.51,0.05
2009,2,2,0,0.01
2009,3,2,0,0.01
2009,4,2,0,0.01
2010,1,2,2.56,0.05
2010,2,2,0,0.01
2010,3,2,0,0.01
2010,4,2,0,0.01
2011,1,2,7.2,0.05
2011,2,2,0,0.01
2011,3,2,0,0.01
2011,4,2,0,0.01
2012,1,2,6.45,0.05
2012,2,2,0,0.01
2012,3,2,0,0.01
2012,4,2,0,0.01
2013,1,2,4.4,0.05
2013,2,2,0,0.01
2013,3,2,0,0.01
2013,4,2,0,0.01
2014,1,2,3.21,0.05
2014,2,2,0,0.01
2014,3,2,0,0.01
2014,4,2,0,0.01
2015,1,2,5.95,0.05
2015,2,2,0,0.01
2015,3,2,0,0.01
2015,4,2,0,0.01
2016,1,2,1.68,0.05
2016,2,2,0,0.01
2016,3,2,0,0.01
2016,4,2,0,0.01
2017,1,2,1.86,0.05
2017,2,2,0,0.01
2017,3,2,0,0.01
2017,4,2,0,0.01
2018,1,2,1.95,0.05
2018,2,2,0,0.01
2018,3,2,0,0.01
2018,4,2,0,0.01
2019,1,2,2.71,0.05
2019,2,2,0,0.01
2019,3,2,0,0.01
2019,4,2,0,0.01
2020,1,2,2.9,0.05
2020,2,2,0,0.01
2020,3,2,0,0.01
2020,4,2,0,0.01
-999,1,3,0,0.05
-999,2,3,0,0.01
-999,3,3,0,0.01
-999,4,3,0,0.01
#1975,1,3,8.63,0.05
#1975,2,3,0,0.01
#1975,3,3,0,0.01
#1975,4,3,0,0.01
#1976,1,3,6.64,0.05
#1976,2,3,0,0.01
#1976,3,3,0,0.01
#1976,4,3,0,0.01
1977,1,3,4.01,0.05
1977,2,3,0,0.01
1977,3,3,0,0.01
1977,4,3,0,0.01
1978,1,3,3.31,0.05
1978,2,3,0,0.01
1978,3,3,0,0.01
1978,4,3,0,0.01
1979,1,3,11.83,0.05
1979,2,3,0,0.01
1979,3,3,0,0.01
1979,4,3,0,0.01
1980,1,3,21.48,0.05
1980,2,3,0,0.01
1980,3,3,0,0.01
1980,4,3,0,0.01
1981,1,3,10.84,0.05
1981,2,3,0,0.01
1981,3,3,0,0.01
1981,4,3,0,0.01
1982,1,3,10.55,0.05
1982,2,3,0,0.01
1982,3,3,0,0.01
1982,4,3,0,0.01
1983,1,3,4.75,0.05
1983,2,3,0,0.01
1983,3,3,0,0.01
1983,4,3,0,0.01
1984,1,3,4.28,0.05
1984,2,3,0,0.01
1984,3,3,0,0.01
1984,4,3,0,0.01
1985,1,3,8.27,0.05
1985,2,3,0,0.01
1985,3,3,0,0.01
1985,4,3,0,0.01
1986,1,3,16.38,0.05
1986,2,3,0,0.01
1986,3,3,0,0.01
1986,4,3,0,0.01
1987,1,3,7.81,0.05
1987,2,3,0,0.01
1987,3,3,0,0.01
1987,4,3,0,0.01
1988,1,3,26.84,0.05
1988,2,3,0,0.01
1988,3,3,0,0.01
1988,4,3,0,0.01
1989,1,3,14.45,0.05
1989,2,3,0,0.01
1989,3,3,0,0.01
1989,4,3,0,0.01
1990,1,3,9.56,0.05
1990,2,3,0,0.01
1990,3,3,0,0.01
1990,4,3,0,0.01
1991,1,3,14.06,0.05
1991,2,3,0,0.01
1991,3,3,0,0.01
1991,4,3,0,0.01
1992,1,3,11.27,0.05
1992,2,3,0,0.01
1992,3,3,0,0.01
1992,4,3,0,0.01
1993,1,3,16.81,0.05
1993,2,3,0,0.01
1993,3,3,0,0.01
1993,4,3,0,0.01
1994,1,3,11.96,0.05
1994,2,3,0,0.01
1994,3,3,0,0.01
1994,4,3,0,0.01
1995,1,3,9.4,0.05
1995,2,3,0,0.01
1995,3,3,0,0.01
1995,4,3,0,0.01
1996,1,3,8.39,0.05
1996,2,3,0,0.01
1996,3,3,0,0.01
1996,4,3,0,0.01
1997,1,3,8.13,0.05
1997,2,3,0,0.01
1997,3,3,0,0.01
1997,4,3,0,0.01
1998,1,3,4.69,0.05
1998,2,3,0,0.01
1998,3,3,0,0.01
1998,4,3,0,0.01
1999,1,3,7.67,0.05
1999,2,3,0,0.01
1999,3,3,0,0.01
1999,4,3,0,0.01
2000,1,3,6,0.05
2000,2,3,0,0.01
2000,3,3,0,0.01
2000,4,3,0,0.01
2001,1,3,5.96,0.05
2001,2,3,0,0.01
2001,3,3,0,0.01
2001,4,3,0,0.01
2002,1,3,3.81,0.05
2002,2,3,0,0.01
2002,3,3,0,0.01
2002,4,3,0,0.01
2003,1,3,7.38,0.05
2003,2,3,0,0.01
2003,3,3,0,0.01
2003,4,3,0,0.01
2004,1,3,4.68,0.05
2004,2,3,0,0.01
2004,3,3,0,0.01
2004,4,3,0,0.01
2005,1,3,2.19,0.05
2005,2,3,0,0.01
2005,3,3,0,0.01
2005,4,3,0,0.01
2006,1,3,1.99,0.05
2006,2,3,0,0.01
2006,3,3,0,0.01
2006,4,3,0,0.01
2007,1,3,1.73,0.05
2007,2,3,0,0.01
2007,3,3,0,0.01
2007,4,3,0,0.01
2008,1,3,1.61,0.05
2008,2,3,0,0.01
2008,3,3,0,0.01
2008,4,3,0,0.01
2009,1,3,1.68,0.05
2009,2,3,0,0.01
2009,3,3,0,0.01
2009,4,3,0,0.01
2010,1,3,0.93,0.05
2010,2,3,0,0.01
2010,3,3,0,0.01
2010,4,3,0,0.01
2011,1,3,2.58,0.05
2011,2,3,0,0.01
2011,3,3,0,0.01
2011,4,3,0,0.01
2012,1,3,4.02,0.05
2012,2,3,0,0.01
2012,3,3,0,0.01
2012,4,3,0,0.01
2013,1,3,2.26,0.05
2013,2,3,0,0.01
2013,3,3,0,0.01
2013,4,3,0,0.01
2014,1,3,3.82,0.05
2014,2,3,0,0.01
2014,3,3,0,0.01
2014,4,3,0,0.01
2015,1,3,3.21,0.05
2015,2,3,0,0.01
2015,3,3,0,0.01
2015,4,3,0,0.01
2016,1,3,0.84,0.05
2016,2,3,0,0.01
2016,3,3,0,0.01
2016,4,3,0,0.01
2017,1,3,1.49,0.05
2017,2,3,0,0.01
2017,3,3,0,0.01
2017,4,3,0,0.01
2018,1,3,1.04,0.05
2018,2,3,0,0.01
2018,3,3,0,0.01
2018,4,3,0,0.01
2019,1,3,1.07,0.05
2019,2,3,0,0.01
2019,3,3,0,0.01
2019,4,3,0,0.01
2020,1,3,0.57,0.05
2020,2,3,0,0.01
2020,3,3,0,0.01
2020,4,3,0,0.01
-999,1,4,0,0.01
-999,2,4,0.001,0.05
-999,3,4,0,0.01
-999,4,4,0,0.01
#1975,1,4,0,0.01
#1975,2,4,12.34,0.05
#1975,3,4,0,0.01
#1975,4,4,0,0.01
#1976,1,4,0,0.01
#1976,2,4,11.14,0.05
#1976,3,4,0,0.01
#1976,4,4,0,0.01
1977,1,4,0,0.01
1977,2,4,8.7,0.05
1977,3,4,0,0.01
1977,4,4,0,0.01
1978,1,4,0,0.01
1978,2,4,13.24,0.05
1978,3,4,0,0.01
1978,4,4,0,0.01
1979,1,4,0,0.01
1979,2,4,32.83,0.05
1979,3,4,0,0.01
1979,4,4,0,0.01
1980,1,4,0,0.01
1980,2,4,22.55,0.05
1980,3,4,0,0.01
1980,4,4,0,0.01
1981,1,4,0,0.01
1981,2,4,14.69,0.05
1981,3,4,0,0.01
1981,4,4,0,0.01
1982,1,4,0,0.01
1982,2,4,12.4,0.05
1982,3,4,0,0.01
1982,4,4,0,0.01
1983,1,4,0,0.01
1983,2,4,11.17,0.05
1983,3,4,0,0.01
1983,4,4,0,0.01
1984,1,4,0,0.01
1984,2,4,13.69,0.05
1984,3,4,0,0.01
1984,4,4,0,0.01
1985,1,4,0,0.01
1985,2,4,35.28,0.05
1985,3,4,0,0.01
1985,4,4,0,0.01
1986,1,4,0,0.01
1986,2,4,48,0.05
1986,3,4,0,0.01
1986,4,4,0,0.01
1987,1,4,0,0.01
1987,2,4,25.58,0.05
1987,3,4,0,0.01
1987,4,4,0,0.01
1988,1,4,0,0.01
1988,2,4,43.43,0.05
1988,3,4,0,0.01
1988,4,4,0,0.01
1989,1,4,0,0.01
1989,2,4,29.44,0.05
1989,3,4,0,0.01
1989,4,4,0,0.01
1990,1,4,0,0.01
1990,2,4,17,0.05
1990,3,4,0,0.01
1990,4,4,0,0.01
1991,1,4,0,0.01
1991,2,4,24.03,0.05
1991,3,4,0,0.01
1991,4,4,0,0.01
1992,1,4,0,0.01
1992,2,4,23.63,0.05
1992,3,4,0,0.01
1992,4,4,0,0.01
1993,1,4,0,0.01
1993,2,4,28.85,0.05
1993,3,4,0,0.01
1993,4,4,0,0.01
1994,1,4,0,0.01
1994,2,4,28.39,0.05
1994,3,4,0,0.01
1994,4,4,0,0.01
1995,1,4,0,0.01
1995,2,4,25.46,0.05
1995,3,4,0,0.01
1995,4,4,0,0.01
1996,1,4,0,0.01
1996,2,4,30.28,0.05
1996,3,4,0,0.01
1996,4,4,0,0.01
1997,1,4,0,0.01
1997,2,4,22.61,0.05
1997,3,4,0,0.01
1997,4,4,0,0.01
1998,1,4,0,0.01
1998,2,4,31.95,0.05
1998,3,4,0,0.01
1998,4,4,0,0.01
1999,1,4,0,0.01
1999,2,4,20.97,0.05
1999,3,4,0,0.01
1999,4,4,0,0.01
2000,1,4,0,0.01
2000,2,4,9.02,0.05
2000,3,4,0,0.01
2000,4,4,0,0.01
2001,1,4,0,0.01
2001,2,4,10.03,0.05
2001,3,4,0,0.01
2001,4,4,0,0.01
2002,1,4,0,0.01
2002,2,4,11.78,0.05
2002,3,4,0,0.01
2002,4,4,0,0.01
2003,1,4,0,0.01
2003,2,4,9.78,0.05
2003,3,4,0,0.01
2003,4,4,0,0.01
2004,1,4,0,0.01
2004,2,4,7.87,0.05
2004,3,4,0,0.01
2004,4,4,0,0.01
2005,1,4,0,0.01
2005,2,4,6.76,0.05
2005,3,4,0,0.01
2005,4,4,0,0.01
2006,1,4,0,0.01
2006,2,4,6.48,0.05
2006,3,4,0,0.01
2006,4,4,0,0.01
2007,1,4,0,0.01
2007,2,4,5.29,0.05
2007,3,4,0,0.01
2007,4,4,0,0.01
2008,1,4,0,0.01
2008,2,4,4.7,0.05
2008,3,4,0,0.01
2008,4,4,0,0.01
2009,1,4,0,0.01
2009,2,4,3.54,0.05
2009,3,4,0,0.01
2009,4,4,0,0.01
2010,1,4,0,0.01
2010,2,4,8.15,0.05
2010,3,4,0,0.01
2010,4,4,0,0.01
2011,1,4,0,0.01
2011,2,4,4.16,0.05
2011,3,4,0,0.01
2011,4,4,0,0.01
2012,1,4,0,0.01
2012,2,4,9.45,0.05
2012,3,4,0,0.01
2012,4,4,0,0.01
2013,1,4,0,0.01
2013,2,4,12.78,0.05
2013,3,4,0,0.01
2013,4,4,0,0.01
2014,1,4,0,0.01
2014,2,4,6.13,0.05
2014,3,4,0,0.01
2014,4,4,0,0.01
2015,1,4,0,0.01
2015,2,4,11.73,0.05
2015,3,4,0,0.01
2015,4,4,0,0.01
2016,1,4,0,0.01
2016,2,4,5.75,0.05
2016,3,4,0,0.01
2016,4,4,0,0.01
2017,1,4,0,0.01
2017,2,4,4.65,0.05
2017,3,4,0,0.01
2017,4,4,0,0.01
2018,1,4,0,0.01
2018,2,4,3.87,0.05
2018,3,4,0,0.01
2018,4,4,0,0.01
2019,1,4,0,0.01
2019,2,4,8.36,0.05
2019,3,4,0,0.01
2019,4,4,0,0.01
2020,1,4,0,0.01
2020,2,4,5.58,0.05
2020,3,4,0,0.01
2020,4,4,0,0.01
-999,1,5,0,0.01
-999,2,5,0,0.01
-999,3,5,0,0.05
-999,4,5,0,0.01
#1975,1,5,0,0.01
#1975,2,5,0,0.01
#1975,3,5,0,0.01
#1975,4,5,0,0.01
#1976,1,5,0,0.01
#1976,2,5,0,0.01
#1976,3,5,0,0.01
#1976,4,5,0,0.01
1977,1,5,0,0.01
1977,2,5,0,0.01
1977,3,5,0,0.01
1977,4,5,0,0.01
1978,1,5,0,0.01
1978,2,5,0,0.01
1978,3,5,0,0.01
1978,4,5,0,0.01
1979,1,5,0,0.01
1979,2,5,0,0.01
1979,3,5,0,0.01
1979,4,5,0,0.01
1980,1,5,0,0.01
1980,2,5,0,0.01
1980,3,5,0,0.01
1980,4,5,0,0.01
1981,1,5,0,0.01
1981,2,5,0,0.01
1981,3,5,0,0.01
1981,4,5,0,0.01
1982,1,5,0,0.01
1982,2,5,0,0.01
1982,3,5,0,0.01
1982,4,5,0,0.01
1983,1,5,0,0.01
1983,2,5,0,0.01
1983,3,5,0,0.01
1983,4,5,0,0.01
1984,1,5,0,0.01
1984,2,5,0,0.01
1984,3,5,0,0.01
1984,4,5,0,0.01
1985,1,5,0,0.01
1985,2,5,0,0.01
1985,3,5,0,0.01
1985,4,5,0,0.01
1986,1,5,0,0.01
1986,2,5,0,0.01
1986,3,5,0,0.01
1986,4,5,0,0.01
1987,1,5,0,0.01
1987,2,5,0,0.01
1987,3,5,0,0.01
1987,4,5,0,0.01
1988,1,5,0,0.01
1988,2,5,0,0.01
1988,3,5,0,0.01
1988,4,5,0,0.01
1989,1,5,0,0.01
1989,2,5,0,0.01
1989,3,5,0,0.01
1989,4,5,0,0.01
1990,1,5,0,0.01
1990,2,5,0,0.01
1990,3,5,0,0.01
1990,4,5,0,0.01
1991,1,5,0,0.01
1991,2,5,0,0.01
1991,3,5,0,0.01
1991,4,5,0,0.01
1992,1,5,0,0.01
1992,2,5,0,0.01
1992,3,5,0,0.01
1992,4,5,0,0.01
1993,1,5,0,0.01
1993,2,5,0,0.01
1993,3,5,0,0.01
1993,4,5,0,0.01
1994,1,5,0,0.01
1994,2,5,0,0.01
1994,3,5,10.16,0.05
1994,4,5,0,0.01
1995,1,5,0,0.01
1995,2,5,0,0.01
1995,3,5,22.73,0.05
1995,4,5,0,0.01
1996,1,5,0,0.01
1996,2,5,0,0.01
1996,3,5,8.01,0.05
1996,4,5,0,0.01
1997,1,5,0,0.01
1997,2,5,0,0.01
1997,3,5,8.79,0.05
1997,4,5,0,0.01
1998,1,5,0,0.01
1998,2,5,0,0.01
1998,3,5,19.52,0.05
1998,4,5,0,0.01
1999,1,5,0,0.01
1999,2,5,0,0.01
1999,3,5,8.63,0.05
1999,4,5,0,0.01
2000,1,5,0,0.01
2000,2,5,0,0.01
2000,3,5,8.75,0.05
2000,4,5,0,0.01
2001,1,5,0,0.01
2001,2,5,0,0.01
2001,3,5,15.31,0.05
2001,4,5,0,0.01
2002,1,5,0,0.01
2002,2,5,0,0.01
2002,3,5,7.46,0.05
2002,4,5,0,0.01
2003,1,5,0,0.01
2003,2,5,0,0.01
2003,3,5,8.17,0.05
2003,4,5,0,0.01
2004,1,5,0,0.01
2004,2,5,0,0.01
2004,3,5,6.61,0.05
2004,4,5,0,0.01
2005,1,5,0,0.01
2005,2,5,0,0.01
2005,3,5,3.74,0.05
2005,4,5,0,0.01
2006,1,5,0,0.01
2006,2,5,0,0.01
2006,3,5,4.42,0.05
2006,4,5,0,0.01
2007,1,5,0,0.01
2007,2,5,0,0.01
2007,3,5,4.05,0.05
2007,4,5,0,0.01
2008,1,5,0,0.01
2008,2,5,0,0.01
2008,3,5,3.22,0.05
2008,4,5,0,0.01
2009,1,5,0,0.01
2009,2,5,0,0.01
2009,3,5,3.28,0.05
2009,4,5,0,0.01
2010,1,5,0,0.01
2010,2,5,0,0.01
2010,3,5,2.56,0.05
2010,4,5,0,0.01
2011,1,5,0,0.01
2011,2,5,0,0.01
2011,3,5,6.4,0.05
2011,4,5,0,0.01
2012,1,5,0,0.01
2012,2,5,0,0.01
2012,3,5,2.55,0.05
2012,4,5,0,0.01
2013,1,5,0,0.01
2013,2,5,0,0.01
2013,3,5,1.84,0.05
2013,4,5,0,0.01
2014,1,5,0,0.01
2014,2,5,0,0.01
2014,3,5,3.72,0.05
2014,4,5,0,0.01
2015,1,5,0,0.01
2015,2,5,0,0.01
2015,3,5,1.98,0.05
2015,4,5,0,0.01
2016,1,5,0,0.01
2016,2,5,0,0.01
2016,3,5,2.37,0.05
2016,4,5,0,0.01
2017,1,5,0,0.01
2017,2,5,0,0.01
2017,3,5,1.35,0.05
2017,4,5,0,0.01
2018,1,5,0,0.01
2018,2,5,0,0.01
2018,3,5,1.34,0.05
2018,4,5,0,0.01
2019,1,5,0,0.01
2019,2,5,0,0.01
2019,3,5,3.9,0.05
2019,4,5,0,0.01
2020,1,5,0,0.01
2020,2,5,0,0.01
2020,3,5,1.9,0.05
2020,4,5,0,0.01
-999,1,6,0,0.01
-999,2,6,0,0.01
-999,3,6,0,0.01
-999,4,6,0,0.05
#1975,1,6,0,0.01
#1975,2,6,0,0.01
#1975,3,6,0,0.01
#1975,4,6,11.12,0.05
#1976,1,6,0,0.01
#1976,2,6,0,0.01
#1976,3,6,0,0.01
#1976,4,6,12.56,0.05
1977,1,6,0,0.01
1977,2,6,0,0.01
1977,3,6,0,0.01
1977,4,6,7.61,0.05
1978,1,6,0,0.01
1978,2,6,0,0.01
1978,3,6,0,0.01
1978,4,6,11.65,0.05
1979,1,6,0,0.01
1979,2,6,0,0.01
1979,3,6,0,0.01
1979,4,6,13.99,0.05
1980,1,6,0,0.01
1980,2,6,0,0.01
1980,3,6,0,0.01
1980,4,6,13.12,0.05
1981,1,6,0,0.01
1981,2,6,0,0.01
1981,3,6,0,0.01
1981,4,6,11.92,0.05
1982,1,6,0,0.01
1982,2,6,0,0.01
1982,3,6,0,0.01
1982,4,6,5.45,0.05
1983,1,6,0,0.01
1983,2,6,0,0.01
1983,3,6,0,0.01
1983,4,6,8.89,0.05
1984,1,6,0,0.01
1984,2,6,0,0.01
1984,3,6,0,0.01
1984,4,6,17.97,0.05
1985,1,6,0,0.01
1985,2,6,0,0.01
1985,3,6,0,0.01
1985,4,6,10.39,0.05
1986,1,6,0,0.01
1986,2,6,0,0.01
1986,3,6,0,0.01
1986,4,6,16.05,0.05
1987,1,6,0,0.01
1987,2,6,0,0.01
1987,3,6,0,0.01
1987,4,6,15.93,0.05
1988,1,6,0,0.01
1988,2,6,0,0.01
1988,3,6,0,0.01
1988,4,6,23.91,0.05
1989,1,6,0,0.01
1989,2,6,0,0.01
1989,3,6,0,0.01
1989,4,6,12.01,0.05
1990,1,6,0,0.01
1990,2,6,0,0.01
1990,3,6,0,0.01
1990,4,6,7.59,0.05
1991,1,6,0,0.01
1991,2,6,0,0.01
1991,3,6,0,0.01
1991,4,6,12.35,0.05
1992,1,6,0,0.01
1992,2,6,0,0.01
1992,3,6,0,0.01
1992,4,6,8.77,0.05
1993,1,6,0,0.01
1993,2,6,0,0.01
1993,3,6,0,0.01
1993,4,6,19.57,0.05
1994,1,6,0,0.01
1994,2,6,0,0.01
1994,3,6,0,0.01
1994,4,6,21.46,0.05
1995,1,6,0,0.01
1995,2,6,0,0.01
1995,3,6,0,0.01
1995,4,6,36.71,0.05
1996,1,6,0,0.01
1996,2,6,0,0.01
1996,3,6,0,0.01
1996,4,6,17.53,0.05
1997,1,6,0,0.01
1997,2,6,0,0.01
1997,3,6,0,0.01
1997,4,6,16.72,0.05
1998,1,6,0,0.01
1998,2,6,0,0.01
1998,3,6,0,0.01
1998,4,6,20.34,0.05
1999,1,6,0,0.01
1999,2,6,0,0.01
1999,3,6,0,0.01
1999,4,6,14.55,0.05
2000,1,6,0,0.01
2000,2,6,0,0.01
2000,3,6,0,0.01
2000,4,6,12.37,0.05
2001,1,6,0,0.01
2001,2,6,0,0.01
2001,3,6,0,0.01
2001,4,6,15.03,0.05
2002,1,6,0,0.01
2002,2,6,0,0.01
2002,3,6,0,0.01
2002,4,6,7.57,0.05
2003,1,6,0,0.01
2003,2,6,0,0.01
2003,3,6,0,0.01
2003,4,6,6.82,0.05
2004,1,6,0,0.01
2004,2,6,0,0.01
2004,3,6,0,0.01
2004,4,6,8.08,0.05
2005,1,6,0,0.01
2005,2,6,0,0.01
2005,3,6,0,0.01
2005,4,6,4.8,0.05
2006,1,6,0,0.01
2006,2,6,0,0.01
2006,3,6,0,0.01
2006,4,6,5.16,0.05
2007,1,6,0,0.01
2007,2,6,0,0.01
2007,3,6,0,0.01
2007,4,6,9.32,0.05
2008,1,6,0,0.01
2008,2,6,0,0.01
2008,3,6,0,0.01
2008,4,6,7.09,0.05
2009,1,6,0,0.01
2009,2,6,0,0.01
2009,3,6,0,0.01
2009,4,6,3.49,0.05
2010,1,6,0,0.01
2010,2,6,0,0.01
2010,3,6,0,0.01
2010,4,6,3.61,0.05
2011,1,6,0,0.01
2011,2,6,0,0.01
2011,3,6,0,0.01
2011,4,6,9.39,0.05
2012,1,6,0,0.01
2012,2,6,0,0.01
2012,3,6,0,0.01
2012,4,6,6.6,0.05
2013,1,6,0,0.01
2013,2,6,0,0.01
2013,3,6,0,0.01
2013,4,6,4.9,0.05
2014,1,6,0,0.01
2014,2,6,0,0.01
2014,3,6,0,0.01
2014,4,6,5.48,0.05
2015,1,6,0,0.01
2015,2,6,0,0.01
2015,3,6,0,0.01
2015,4,6,2.47,0.05
2016,1,6,0,0.01
2016,2,6,0,0.01
2016,3,6,0,0.01
2016,4,6,3.25,0.05
2017,1,6,0,0.01
2017,2,6,0,0.01
2017,3,6,0,0.01
2017,4,6,2.28,0.05
2018,1,6,0,0.01
2018,2,6,0,0.01
2018,3,6,0,0.01
2018,4,6,2.82,0.05
2019,1,6,0,0.01
2019,2,6,0,0.01
2019,3,6,0,0.01
2019,4,6,5.73,0.05
2020,1,6,0,0.01
2020,2,6,0,0.01
2020,3,6,0,0.01
2020,4,6,5.29,0.05
-999,1,7,0,0.05
-999,2,7,0,0.01
-999,3,7,0,0.01
-999,4,7,0,0.01
#1975,1,7,0.2,0.05
#1975,2,7,0,0.01
#1975,3,7,0,0.01
#1975,4,7,0,0.01
#1976,1,7,0.26,0.05
#1976,2,7,0,0.01
#1976,3,7,0,0.01
#1976,4,7,0,0.01
1977,1,7,0.06,0.05
1977,2,7,0,0.01
1977,3,7,0,0.01
1977,4,7,0,0.01
1978,1,7,0.08,0.05
1978,2,7,0,0.01
1978,3,7,0,0.01
1978,4,7,0,0.01
1979,1,7,0.36,0.05
1979,2,7,0,0.01
1979,3,7,0,0.01
1979,4,7,0,0.01
1980,1,7,0.59,0.05
1980,2,7,0,0.01
1980,3,7,0,0.01
1980,4,7,0,0.01
1981,1,7,0.17,0.05
1981,2,7,0,0.01
1981,3,7,0,0.01
1981,4,7,0,0.01
1982,1,7,0.15,0.05
1982,2,7,0,0.01
1982,3,7,0,0.01
1982,4,7,0,0.01
1983,1,7,0.25,0.05
1983,2,7,0,0.01
1983,3,7,0,0.01
1983,4,7,0,0.01
1984,1,7,0.16,0.05
1984,2,7,0,0.01
1984,3,7,0,0.01
1984,4,7,0,0.01
1985,1,7,0.23,0.05
1985,2,7,0,0.01
1985,3,7,0,0.01
1985,4,7,0,0.01
1986,1,7,0.49,0.05
1986,2,7,0,0.01
1986,3,7,0,0.01
1986,4,7,0,0.01
1987,1,7,0.17,0.05
1987,2,7,0,0.01
1987,3,7,0,0.01
1987,4,7,0,0.01
1988,1,7,0.14,0.05
1988,2,7,0,0.01
1988,3,7,0,0.01
1988,4,7,0,0.01
1989,1,7,0.14,0.05
1989,2,7,0,0.01
1989,3,7,0,0.01
1989,4,7,0,0.01
1990,1,7,0.04,0.05
1990,2,7,0,0.01
1990,3,7,0,0.01
1990,4,7,0,0.01
1991,1,7,0.12,0.05
1991,2,7,0,0.01
1991,3,7,0,0.01
1991,4,7,0,0.01
1992,1,7,0.21,0.05
1992,2,7,0,0.01
1992,3,7,0,0.01
1992,4,7,0,0.01
1993,1,7,0.08,0.05
1993,2,7,0,0.01
1993,3,7,0,0.01
1993,4,7,0,0.01
1994,1,7,0.28,0.05
1994,2,7,0,0.01
1994,3,7,0,0.01
1994,4,7,0,0.01
1995,1,7,0.12,0.05
1995,2,7,0,0.01
1995,3,7,0,0.01
1995,4,7,0,0.01
1996,1,7,0.22,0.05
1996,2,7,0,0.01
1996,3,7,0,0.01
1996,4,7,0,0.01
1997,1,7,0.15,0.05
1997,2,7,0,0.01
1997,3,7,0,0.01
1997,4,7,0,0.01
1998,1,7,0.16,0.05
1998,2,7,0,0.01
1998,3,7,0,0.01
1998,4,7,0,0.01
1999,1,7,0.26,0.05
1999,2,7,0,0.01
1999,3,7,0,0.01
1999,4,7,0,0.01
2000,1,7,0.11,0.05
2000,2,7,0,0.01
2000,3,7,0,0.01
2000,4,7,0,0.01
2001,1,7,0.09,0.05
2001,2,7,0,0.01
2001,3,7,0,0.01
2001,4,7,0,0.01
2002,1,7,0.07,0.05
2002,2,7,0,0.01
2002,3,7,0,0.01
2002,4,7,0,0.01
2003,1,7,0.1,0.05
2003,2,7,0,0.01
2003,3,7,0,0.01
2003,4,7,0,0.01
2004,1,7,0.15,0.05
2004,2,7,0,0.01
2004,3,7,0,0.01
2004,4,7,0,0.01
2005,1,7,0.07,0.05
2005,2,7,0,0.01
2005,3,7,0,0.01
2005,4,7,0,0.01
2006,1,7,0.03,0.05
2006,2,7,0,0.01
2006,3,7,0,0.01
2006,4,7,0,0.01
2007,1,7,0.02,0.05
2007,2,7,0,0.01
2007,3,7,0,0.01
2007,4,7,0,0.01
2008,1,7,0.02,0.05
2008,2,7,0,0.01
2008,3,7,0,0.01
2008,4,7,0,0.01
2009,1,7,0.01,0.05
2009,2,7,0,0.01
2009,3,7,0,0.01
2009,4,7,0,0.01
2010,1,7,0.02,0.05
2010,2,7,0,0.01
2010,3,7,0,0.01
2010,4,7,0,0.01
2011,1,7,0.11,0.05
2011,2,7,0,0.01
2011,3,7,0,0.01
2011,4,7,0,0.01
2012,1,7,0.05,0.05
2012,2,7,0,0.01
2012,3,7,0,0.01
2012,4,7,0,0.01
2013,1,7,0.03,0.05
2013,2,7,0,0.01
2013,3,7,0,0.01
2013,4,7,0,0.01
2014,1,7,0.02,0.05
2014,2,7,0,0.01
2014,3,7,0,0.01
2014,4,7,0,0.01
2015,1,7,0.02,0.05
2015,2,7,0,0.01
2015,3,7,0,0.01
2015,4,7,0,0.01
2016,1,7,0.02,0.05
2016,2,7,0,0.01
2016,3,7,0,0.01
2016,4,7,0,0.01
2017,1,7,0.01,0.05
2017,2,7,0,0.01
2017,3,7,0,0.01
2017,4,7,0,0.01
2018,1,7,0.01,0.05
2018,2,7,0,0.01
2018,3,7,0,0.01
2018,4,7,0,0.01
2019,1,7,0.01,0.05
2019,2,7,0,0.01
2019,3,7,0,0.01
2019,4,7,0,0.01
2020,1,7,0,0.05
2020,2,7,0,0.01
2020,3,7,0,0.01
2020,4,7,0,0.01
-999,1,8,0,0.01
-999,2,8,0,0.05
-999,3,8,0,0.01
-999,4,8,0,0.01
#1975,1,8,0,0.01
#1975,2,8,0.39,0.05
#1975,3,8,0,0.01
#1975,4,8,0,0.01
#1976,1,8,0,0.01
#1976,2,8,0.97,0.05
#1976,3,8,0,0.01
#1976,4,8,0,0.01
1977,1,8,0,0.01
1977,2,8,0.56,0.05
1977,3,8,0,0.01
1977,4,8,0,0.01
1978,1,8,0,0.01
1978,2,8,1.09,0.05
1978,3,8,0,0.01
1978,4,8,0,0.01
1979,1,8,0,0.01
1979,2,8,1.02,0.05
1979,3,8,0,0.01
1979,4,8,0,0.01
1980,1,8,0,0.01
1980,2,8,0.69,0.05
1980,3,8,0,0.01
1980,4,8,0,0.01
1981,1,8,0,0.01
1981,2,8,0.48,0.05
1981,3,8,0,0.01
1981,4,8,0,0.01
1982,1,8,0,0.01
1982,2,8,0.48,0.05
1982,3,8,0,0.01
1982,4,8,0,0.01
1983,1,8,0,0.01
1983,2,8,0.25,0.05
1983,3,8,0,0.01
1983,4,8,0,0.01
1984,1,8,0,0.01
1984,2,8,0.22,0.05
1984,3,8,0,0.01
1984,4,8,0,0.01
1985,1,8,0,0.01
1985,2,8,0.7,0.05
1985,3,8,0,0.01
1985,4,8,0,0.01
1986,1,8,0,0.01
1986,2,8,0.45,0.05
1986,3,8,0,0.01
1986,4,8,0,0.01
1987,1,8,0,0.01
1987,2,8,0.58,0.05
1987,3,8,0,0.01
1987,4,8,0,0.01
1988,1,8,0,0.01
1988,2,8,0.32,0.05
1988,3,8,0,0.01
1988,4,8,0,0.01
1989,1,8,0,0.01
1989,2,8,0.32,0.05
1989,3,8,0,0.01
1989,4,8,0,0.01
1990,1,8,0,0.01
1990,2,8,0.17,0.05
1990,3,8,0,0.01
1990,4,8,0,0.01
1991,1,8,0,0.01
1991,2,8,0.21,0.05
1991,3,8,0,0.01
1991,4,8,0,0.01
1992,1,8,0,0.01
1992,2,8,0.39,0.05
1992,3,8,0,0.01
1992,4,8,0,0.01
1993,1,8,0,0.01
1993,2,8,0.25,0.05
1993,3,8,0,0.01
1993,4,8,0,0.01
1994,1,8,0,0.01
1994,2,8,0.36,0.05
1994,3,8,0,0.01
1994,4,8,0,0.01
1995,1,8,0,0.01
1995,2,8,0.29,0.05
1995,3,8,0,0.01
1995,4,8,0,0.01
1996,1,8,0,0.01
1996,2,8,0.35,0.05
1996,3,8,0,0.01
1996,4,8,0,0.01
1997,1,8,0,0.01
1997,2,8,0.35,0.05
1997,3,8,0,0.01
1997,4,8,0,0.01
1998,1,8,0,0.01
1998,2,8,0.47,0.05
1998,3,8,0,0.01
1998,4,8,0,0.01
1999,1,8,0,0.01
1999,2,8,0.34,0.05
1999,3,8,0,0.01
1999,4,8,0,0.01
2000,1,8,0,0.01
2000,2,8,0.27,0.05
2000,3,8,0,0.01
2000,4,8,0,0.01
2001,1,8,0,0.01
2001,2,8,0.27,0.05
2001,3,8,0,0.01
2001,4,8,0,0.01
2002,1,8,0,0.01
2002,2,8,0.34,0.05
2002,3,8,0,0.01
2002,4,8,0,0.01
2003,1,8,0,0.01
2003,2,8,0.1,0.05
2003,3,8,0,0.01
2003,4,8,0,0.01
2004,1,8,0,0.01
2004,2,8,0.09,0.05
2004,3,8,0,0.01
2004,4,8,0,0.01
2005,1,8,0,0.01
2005,2,8,0.12,0.05
2005,3,8,0,0.01
2005,4,8,0,0.01
2006,1,8,0,0.01
2006,2,8,0.07,0.05
2006,3,8,0,0.01
2006,4,8,0,0.01
2007,1,8,0,0.01
2007,2,8,0.06,0.05
2007,3,8,0,0.01
2007,4,8,0,0.01
2008,1,8,0,0.01
2008,2,8,0.07,0.05
2008,3,8,0,0.01
2008,4,8,0,0.01
2009,1,8,0,0.01
2009,2,8,0.04,0.05
2009,3,8,0,0.01
2009,4,8,0,0.01
2010,1,8,0,0.01
2010,2,8,0.28,0.05
2010,3,8,0,0.01
2010,4,8,0,0.01
2011,1,8,0,0.01
2011,2,8,0.3,0.05
2011,3,8,0,0.01
2011,4,8,0,0.01
2012,1,8,0,0.01
2012,2,8,0.06,0.05
2012,3,8,0,0.01
2012,4,8,0,0.01
2013,1,8,0,0.01
2013,2,8,0.2,0.05
2013,3,8,0,0.01
2013,4,8,0,0.01
2014,1,8,0,0.01
2014,2,8,0.08,0.05
2014,3,8,0,0.01
2014,4,8,0,0.01
2015,1,8,0,0.01
2015,2,8,0.06,0.05
2015,3,8,0,0.01
2015,4,8,0,0.01
2016,1,8,0,0.01
2016,2,8,0.05,0.05
2016,3,8,0,0.01
2016,4,8,0,0.01
2017,1,8,0,0.01
2017,2,8,0.02,0.05
2017,3,8,0,0.01
2017,4,8,0,0.01
2018,1,8,0,0.01
2018,2,8,0.02,0.05
2018,3,8,0,0.01
2018,4,8,0,0.01
2019,1,8,0,0.01
2019,2,8,0.1,0.05
2019,3,8,0,0.01
2019,4,8,0,0.01
2020,1,8,0,0.01
2020,2,8,0.09,0.05
2020,3,8,0,0.01
2020,4,8,0,0.01
-999,1,9,0,0.01
-999,2,9,0,0.01
-999,3,9,0,0.05
-999,4,9,0,0.01
#1975,1,9,0,0.01
#1975,2,9,0,0.01
#1975,3,9,0.3,0.05
#1975,4,9,0,0.01
#1976,1,9,0,0.01
#1976,2,9,0,0.01
#1976,3,9,0.37,0.05
#1976,4,9,0,0.01
1977,1,9,0,0.01
1977,2,9,0,0.01
1977,3,9,0.12,0.05
1977,4,9,0,0.01
1978,1,9,0,0.01
1978,2,9,0,0.01
1978,3,9,0.19,0.05
1978,4,9,0,0.01
1979,1,9,0,0.01
1979,2,9,0,0.01
1979,3,9,0.38,0.05
1979,4,9,0,0.01
1980,1,9,0,0.01
1980,2,9,0,0.01
1980,3,9,0.15,0.05
1980,4,9,0,0.01
1981,1,9,0,0.01
1981,2,9,0,0.01
1981,3,9,0.42,0.05
1981,4,9,0,0.01
1982,1,9,0,0.01
1982,2,9,0,0.01
1982,3,9,0.12,0.05
1982,4,9,0,0.01
1983,1,9,0,0.01
1983,2,9,0,0.01
1983,3,9,0.19,0.05
1983,4,9,0,0.01
1984,1,9,0,0.01
1984,2,9,0,0.01
1984,3,9,0.27,0.05
1984,4,9,0,0.01
1985,1,9,0,0.01
1985,2,9,0,0.01
1985,3,9,0.12,0.05
1985,4,9,0,0.01
1986,1,9,0,0.01
1986,2,9,0,0.01
1986,3,9,0.09,0.05
1986,4,9,0,0.01
1987,1,9,0,0.01
1987,2,9,0,0.01
1987,3,9,0.25,0.05
1987,4,9,0,0.01
1988,1,9,0,0.01
1988,2,9,0,0.01
1988,3,9,0.14,0.05
1988,4,9,0,0.01
1989,1,9,0,0.01
1989,2,9,0,0.01
1989,3,9,0.1,0.05
1989,4,9,0,0.01
1990,1,9,0,0.01
1990,2,9,0,0.01
1990,3,9,0.24,0.05
1990,4,9,0,0.01
1991,1,9,0,0.01
1991,2,9,0,0.01
1991,3,9,0.5,0.05
1991,4,9,0,0.01
1992,1,9,0,0.01
1992,2,9,0,0.01
1992,3,9,0.73,0.05
1992,4,9,0,0.01
1993,1,9,0,0.01
1993,2,9,0,0.01
1993,3,9,0.15,0.05
1993,4,9,0,0.01
1994,1,9,0,0.01
1994,2,9,0,0.01
1994,3,9,0.52,0.05
1994,4,9,0,0.01
1995,1,9,0,0.01
1995,2,9,0,0.01
1995,3,9,0.28,0.05
1995,4,9,0,0.01
1996,1,9,0,0.01
1996,2,9,0,0.01
1996,3,9,0.82,0.05
1996,4,9,0,0.01
1997,1,9,0,0.01
1997,2,9,0,0.01
1997,3,9,0.32,0.05
1997,4,9,0,0.01
1998,1,9,0,0.01
1998,2,9,0,0.01
1998,3,9,0.4,0.05
1998,4,9,0,0.01
1999,1,9,0,0.01
1999,2,9,0,0.01
1999,3,9,0.24,0.05
1999,4,9,0,0.01
2000,1,9,0,0.01
2000,2,9,0,0.01
2000,3,9,0.13,0.05
2000,4,9,0,0.01
2001,1,9,0,0.01
2001,2,9,0,0.01
2001,3,9,0.24,0.05
2001,4,9,0,0.01
2002,1,9,0,0.01
2002,2,9,0,0.01
2002,3,9,0.14,0.05
2002,4,9,0,0.01
2003,1,9,0,0.01
2003,2,9,0,0.01
2003,3,9,0.32,0.05
2003,4,9,0,0.01
2004,1,9,0,0.01
2004,2,9,0,0.01
2004,3,9,0.32,0.05
2004,4,9,0,0.01
2005,1,9,0,0.01
2005,2,9,0,0.01
2005,3,9,0.1,0.05
2005,4,9,0,0.01
2006,1,9,0,0.01
2006,2,9,0,0.01
2006,3,9,0.07,0.05
2006,4,9,0,0.01
2007,1,9,0,0.01
2007,2,9,0,0.01
2007,3,9,0.12,0.05
2007,4,9,0,0.01
2008,1,9,0,0.01
2008,2,9,0,0.01
2008,3,9,0.07,0.05
2008,4,9,0,0.01
2009,1,9,0,0.01
2009,2,9,0,0.01
2009,3,9,0.06,0.05
2009,4,9,0,0.01
2010,1,9,0,0.01
2010,2,9,0,0.01
2010,3,9,0.29,0.05
2010,4,9,0,0.01
2011,1,9,0,0.01
2011,2,9,0,0.01
2011,3,9,0.06,0.05
2011,4,9,0,0.01
2012,1,9,0,0.01
2012,2,9,0,0.01
2012,3,9,0.07,0.05
2012,4,9,0,0.01
2013,1,9,0,0.01
2013,2,9,0,0.01
2013,3,9,0.05,0.05
2013,4,9,0,0.01
2014,1,9,0,0.01
2014,2,9,0,0.01
2014,3,9,0.08,0.05
2014,4,9,0,0.01
2015,1,9,0,0.01
2015,2,9,0,0.01
2015,3,9,0.11,0.05
2015,4,9,0,0.01
2016,1,9,0,0.01
2016,2,9,0,0.01
2016,3,9,0.12,0.05
2016,4,9,0,0.01
2017,1,9,0,0.01
2017,2,9,0,0.01
2017,3,9,0.07,0.05
2017,4,9,0,0.01
2018,1,9,0,0.01
2018,2,9,0,0.01
2018,3,9,0.05,0.05
2018,4,9,0,0.01
2019,1,9,0,0.01
2019,2,9,0,0.01
2019,3,9,0.04,0.05
2019,4,9,0,0.01
2020,1,9,0,0.01
2020,2,9,0,0.01
2020,3,9,0.05,0.05
2020,4,9,0,0.01
-999,1,10,0,0.01
-999,2,10,0,0.01
-999,3,10,0,0.01
-999,4,10,0,0.05
#1975,1,10,0,0.01
#1975,2,10,0,0.01
#1975,3,10,0,0.01
#1975,4,10,0.57,0.05
#1976,1,10,0,0.01
#1976,2,10,0,0.01
#1976,3,10,0,0.01
#1976,4,10,1.56,0.05
1977,1,10,0,0.01
1977,2,10,0,0.01
1977,3,10,0,0.01
1977,4,10,1.94,0.05
1978,1,10,0,0.01
1978,2,10,0,0.01
1978,3,10,0,0.01
1978,4,10,3.87,0.05
1979,1,10,0,0.01
1979,2,10,0,0.01
1979,3,10,0,0.01
1979,4,10,2.92,0.05
1980,1,10,0,0.01
1980,2,10,0,0.01
1980,3,10,0,0.01
1980,4,10,0.4,0.05
1981,1,10,0,0.01
1981,2,10,0,0.01
1981,3,10,0,0.01
1981,4,10,0.13,0.05
1982,1,10,0,0.01
1982,2,10,0,0.01
1982,3,10,0,0.01
1982,4,10,0.18,0.05
1983,1,10,0,0.01
1983,2,10,0,0.01
1983,3,10,0,0.01
1983,4,10,0.09,0.05
1984,1,10,0,0.01
1984,2,10,0,0.01
1984,3,10,0,0.01
1984,4,10,0.15,0.05
1985,1,10,0,0.01
1985,2,10,0,0.01
1985,3,10,0,0.01
1985,4,10,0.23,0.05
1986,1,10,0,0.01
1986,2,10,0,0.01
1986,3,10,0,0.01
1986,4,10,0.47,0.05
1987,1,10,0,0.01
1987,2,10,0,0.01
1987,3,10,0,0.01
1987,4,10,1.1,0.05
1988,1,10,0,0.01
1988,2,10,0,0.01
1988,3,10,0,0.01
1988,4,10,2.07,0.05
1989,1,10,0,0.01
1989,2,10,0,0.01
1989,3,10,0,0.01
1989,4,10,1.66,0.05
1990,1,10,0,0.01
1990,2,10,0,0.01
1990,3,10,0,0.01
1990,4,10,0.59,0.05
1991,1,10,0,0.01
1991,2,10,0,0.01
1991,3,10,0,0.01
1991,4,10,0.29,0.05
1992,1,10,0,0.01
1992,2,10,0,0.01
1992,3,10,0,0.01
1992,4,10,1.6,0.05
1993,1,10,0,0.01
1993,2,10,0,0.01
1993,3,10,0,0.01
1993,4,10,1.9,0.05
1994,1,10,0,0.01
1994,2,10,0,0.01
1994,3,10,0,0.01
1994,4,10,1.05,0.05
1995,1,10,0,0.01
1995,2,10,0,0.01
1995,3,10,0,0.01
1995,4,10,3.87,0.05
1996,1,10,0,0.01
1996,2,10,0,0.01
1996,3,10,0,0.01
1996,4,10,0.46,0.05
1997,1,10,0,0.01
1997,2,10,0,0.01
1997,3,10,0,0.01
1997,4,10,0.17,0.05
1998,1,10,0,0.01
1998,2,10,0,0.01
1998,3,10,0,0.01
1998,4,10,0.49,0.05
1999,1,10,0,0.01
1999,2,10,0,0.01
1999,3,10,0,0.01
1999,4,10,0.59,0.05
2000,1,10,0,0.01
2000,2,10,0,0.01
2000,3,10,0,0.01
2000,4,10,0.58,0.05
2001,1,10,0,0.01
2001,2,10,0,0.01
2001,3,10,0,0.01
2001,4,10,0.36,0.05
2002,1,10,0,0.01
2002,2,10,0,0.01
2002,3,10,0,0.01
2002,4,10,0.14,0.05
2003,1,10,0,0.01
2003,2,10,0,0.01
2003,3,10,0,0.01
2003,4,10,0.61,0.05
2004,1,10,0,0.01
2004,2,10,0,0.01
2004,3,10,0,0.01
2004,4,10,0.21,0.05
2005,1,10,0,0.01
2005,2,10,0,0.01
2005,3,10,0,0.01
2005,4,10,0.46,0.05
2006,1,10,0,0.01
2006,2,10,0,0.01
2006,3,10,0,0.01
2006,4,10,0.28,0.05
2007,1,10,0,0.01
2007,2,10,0,0.01
2007,3,10,0,0.01
2007,4,10,0.3,0.05
2008,1,10,0,0.01
2008,2,10,0,0.01
2008,3,10,0,0.01
2008,4,10,0.48,0.05
2009,1,10,0,0.01
2009,2,10,0,0.01
2009,3,10,0,0.01
2009,4,10,0.09,0.05
2010,1,10,0,0.01
2010,2,10,0,0.01
2010,3,10,0,0.01
2010,4,10,0.02,0.05
2011,1,10,0,0.01
2011,2,10,0,0.01
2011,3,10,0,0.01
2011,4,10,0.03,0.05
2012,1,10,0,0.01
2012,2,10,0,0.01
2012,3,10,0,0.01
2012,4,10,0.05,0.05
2013,1,10,0,0.01
2013,2,10,0,0.01
2013,3,10,0,0.01
2013,4,10,0.08,0.05
2014,1,10,0,0.01
2014,2,10,0,0.01
2014,3,10,0,0.01
2014,4,10,0.03,0.05
2015,1,10,0,0.01
2015,2,10,0,0.01
2015,3,10,0,0.01
2015,4,10,0.06,0.05
2016,1,10,0,0.01
2016,2,10,0,0.01
2016,3,10,0,0.01
2016,4,10,0.03,0.05
2017,1,10,0,0.01
2017,2,10,0,0.01
2017,3,10,0,0.01
2017,4,10,0.03,0.05
2018,1,10,0,0.01
2018,2,10,0,0.01
2018,3,10,0,0.01
2018,4,10,0.03,0.05
2019,1,10,0,0.01
2019,2,10,0,0.01
2019,3,10,0,0.01
2019,4,10,0.02,0.05
2020,1,10,0,0.01
2020,2,10,0,0.01
2020,3,10,0,0.01
2020,4,10,0,0.05
-999,1,11,0,0.01
-999,2,11,0,0.01
-999,3,11,0,0.01
-999,4,11,0,0.05
#1975,1,11,0,0.01
#1975,2,11,0,0.01
#1975,3,11,0,0.01
#1975,4,11,0.26,0.05
#1976,1,11,0,0.01
#1976,2,11,0,0.01
#1976,3,11,0,0.01
#1976,4,11,0.35,0.05
1977,1,11,0,0.01
1977,2,11,0,0.01
1977,3,11,0,0.01
1977,4,11,0.17,0.05
1978,1,11,0,0.01
1978,2,11,0,0.01
1978,3,11,0,0.01
1978,4,11,0.16,0.05
1979,1,11,0,0.01
1979,2,11,0,0.01
1979,3,11,0,0.01
1979,4,11,0.27,0.05
1980,1,11,0,0.01
1980,2,11,0,0.01
1980,3,11,0,0.01
1980,4,11,0.16,0.05
1981,1,11,0,0.01
1981,2,11,0,0.01
1981,3,11,0,0.01
1981,4,11,0.1,0.05
1982,1,11,0,0.01
1982,2,11,0,0.01
1982,3,11,0,0.01
1982,4,11,0.09,0.05
1983,1,11,0,0.01
1983,2,11,0,0.01
1983,3,11,0,0.01
1983,4,11,0.07,0.05
1984,1,11,0,0.01
1984,2,11,0,0.01
1984,3,11,0,0.01
1984,4,11,0.17,0.05
1985,1,11,0,0.01
1985,2,11,0,0.01
1985,3,11,0,0.01
1985,4,11,0.17,0.05
1986,1,11,0,0.01
1986,2,11,0,0.01
1986,3,11,0,0.01
1986,4,11,0.13,0.05
1987,1,11,0,0.01
1987,2,11,0,0.01
1987,3,11,0,0.01
1987,4,11,0.11,0.05
1988,1,11,0,0.01
1988,2,11,0,0.01
1988,3,11,0,0.01
1988,4,11,0.04,0.05
1989,1,11,0,0.01
1989,2,11,0,0.01
1989,3,11,0,0.01
1989,4,11,0.1,0.05
1990,1,11,0,0.01
1990,2,11,0,0.01
1990,3,11,0,0.01
1990,4,11,0.14,0.05
1991,1,11,0,0.01
1991,2,11,0,0.01
1991,3,11,0,0.01
1991,4,11,0.05,0.05
1992,1,11,0,0.01
1992,2,11,0,0.01
1992,3,11,0,0.01
1992,4,11,0.14,0.05
1993,1,11,0,0.01
1993,2,11,0,0.01
1993,3,11,0,0.01
1993,4,11,0.13,0.05
1994,1,11,0,0.01
1994,2,11,0,0.01
1994,3,11,0,0.01
1994,4,11,0.19,0.05
1995,1,11,0,0.01
1995,2,11,0,0.01
1995,3,11,0,0.01
1995,4,11,0.11,0.05
1996,1,11,0,0.01
1996,2,11,0,0.01
1996,3,11,0,0.01
1996,4,11,0.27,0.05
1997,1,11,0,0.01
1997,2,11,0,0.01
1997,3,11,0,0.01
1997,4,11,0.07,0.05
1998,1,11,0,0.01
1998,2,11,0,0.01
1998,3,11,0,0.01
1998,4,11,0.29,0.05
1999,1,11,0,0.01
1999,2,11,0,0.01
1999,3,11,0,0.01
1999,4,11,0.16,0.05
2000,1,11,0,0.01
2000,2,11,0,0.01
2000,3,11,0,0.01
2000,4,11,0.1,0.05
2001,1,11,0,0.01
2001,2,11,0,0.01
2001,3,11,0,0.01
2001,4,11,0.14,0.05
2002,1,11,0,0.01
2002,2,11,0,0.01
2002,3,11,0,0.01
2002,4,11,0.11,0.05
2003,1,11,0,0.01
2003,2,11,0,0.01
2003,3,11,0,0.01
2003,4,11,0.11,0.05
2004,1,11,0,0.01
2004,2,11,0,0.01
2004,3,11,0,0.01
2004,4,11,0.08,0.05
2005,1,11,0,0.01
2005,2,11,0,0.01
2005,3,11,0,0.01
2005,4,11,0.05,0.05
2006,1,11,0,0.01
2006,2,11,0,0.01
2006,3,11,0,0.01
2006,4,11,0.04,0.05
2007,1,11,0,0.01
2007,2,11,0,0.01
2007,3,11,0,0.01
2007,4,11,0.01,0.05
2008,1,11,0,0.01
2008,2,11,0,0.01
2008,3,11,0,0.01
2008,4,11,0.15,0.05
2009,1,11,0,0.01
2009,2,11,0,0.01
2009,3,11,0,0.01
2009,4,11,0.03,0.05
2010,1,11,0,0.01
2010,2,11,0,0.01
2010,3,11,0,0.01
2010,4,11,0.17,0.05
2011,1,11,0,0.01
2011,2,11,0,0.01
2011,3,11,0,0.01
2011,4,11,0.22,0.05
2012,1,11,0,0.01
2012,2,11,0,0.01
2012,3,11,0,0.01
2012,4,11,0.03,0.05
2013,1,11,0,0.01
2013,2,11,0,0.01
2013,3,11,0,0.01
2013,4,11,0.02,0.05
2014,1,11,0,0.01
2014,2,11,0,0.01
2014,3,11,0,0.01
2014,4,11,0.05,0.05
2015,1,11,0,0.01
2015,2,11,0,0.01
2015,3,11,0,0.01
2015,4,11,0.03,0.05
2016,1,11,0,0.01
2016,2,11,0,0.01
2016,3,11,0,0.01
2016,4,11,0.03,0.05
2017,1,11,0,0.01
2017,2,11,0,0.01
2017,3,11,0,0.01
2017,4,11,0.03,0.05
2018,1,11,0,0.01
2018,2,11,0,0.01
2018,3,11,0,0.01
2018,4,11,0.02,0.05
2019,1,11,0,0.01
2019,2,11,0,0.01
2019,3,11,0,0.01
2019,4,11,0.03,0.05
2020,1,11,0,0.01
2020,2,11,0,0.01
2020,3,11,0,0.01
2020,4,11,0.03,0.05
-999,1,12,0,0.05
-999,2,12,0,0.05
-999,3,12,0,0.05
-999,4,12,0,0.05
#1975,1,12,81,0.05
#1975,2,12,81,0.05
#1975,3,12,81,0.05
#1975,4,12,81,0.05
#1976,1,12,69.5,0.05
#1976,2,12,69.5,0.05
#1976,3,12,69.5,0.05
#1976,4,12,69.5,0.05
1977,1,12,67.75,0.05
1977,2,12,67.75,0.05
1977,3,12,67.75,0.05
1977,4,12,67.75,0.05
1978,1,12,67.5,0.05
1978,2,12,67.5,0.05
1978,3,12,67.5,0.05
1978,4,12,67.5,0.05
1979,1,12,96.75,0.05
1979,2,12,96.75,0.05
1979,3,12,96.75,0.05
1979,4,12,96.75,0.05
1980,1,12,153,0.05
1980,2,12,153,0.05
1980,3,12,153,0.05
1980,4,12,153,0.05
1981,1,12,67.75,0.05
1981,2,12,67.75,0.05
1981,3,12,67.75,0.05
1981,4,12,67.75,0.05
1982,1,12,70.75,0.05
1982,2,12,70.75,0.05
1982,3,12,70.75,0.05
1982,4,12,70.75,0.05
1983,1,12,82.5,0.05
1983,2,12,82.5,0.05
1983,3,12,82.5,0.05
1983,4,12,82.5,0.05
1984,1,12,98.75,0.05
1984,2,12,98.75,0.05
1984,3,12,98.75,0.05
1984,4,12,98.75,0.05
1985,1,12,183.75,0.05
1985,2,12,183.75,0.05
1985,3,12,183.75,0.05
1985,4,12,183.75,0.05
1986,1,12,233.5,0.05
1986,2,12,233.5,0.05
1986,3,12,233.5,0.05
1986,4,12,233.5,0.05
1987,1,12,298.25,0.05
1987,2,12,298.25,0.05
1987,3,12,298.25,0.05
1987,4,12,298.25,0.05
1988,1,12,189.75,0.05
1988,2,12,189.75,0.05
1988,3,12,189.75,0.05
1988,4,12,189.75,0.05
1989,1,12,273.5,0.05
1989,2,12,273.5,0.05
1989,3,12,273.5,0.05
1989,4,12,273.5,0.05
1990,1,12,282,0.05
1990,2,12,282,0.05
1990,3,12,282,0.05
1990,4,12,282,0.05
1991,1,12,300,0.05
1991,2,12,300,0.05
1991,3,12,300,0.05
1991,4,12,300,0.05
1992,1,12,314.25,0.05
1992,2,12,314.25,0.05
1992,3,12,314.25,0.05
1992,4,12,314.25,0.05
1993,1,12,431,0.05
1993,2,12,431,0.05
1993,3,12,431,0.05
1993,4,12,431,0.05
1994,1,12,91.93,0.05
1994,2,12,91.93,0.05
1994,3,12,91.93,0.05
1994,4,12,91.93,0.05
1995,1,12,64.52,0.05
1995,2,12,64.52,0.05
1995,3,12,64.52,0.05
1995,4,12,64.52,0.05
1996,1,12,173.74,0.05
1996,2,12,173.74,0.05
1996,3,12,173.74,0.05
1996,4,12,173.74,0.05
1997,1,12,61.29,0.05
1997,2,12,61.29,0.05
1997,3,12,61.29,0.05
1997,4,12,61.29,0.05
1998,1,12,78.08,0.05
1998,2,12,78.08,0.05
1998,3,12,78.08,0.05
1998,4,12,78.08,0.05
1999,1,12,138.69,0.05
1999,2,12,138.69,0.05
1999,3,12,138.69,0.05
1999,4,12,138.69,0.05
2000,1,12,85.79,0.05
2000,2,12,85.79,0.05
2000,3,12,85.79,0.05
2000,4,12,85.79,0.05
2001,1,12,88.92,0.05
2001,2,12,88.92,0.05
2001,3,12,88.92,0.05
2001,4,12,88.92,0.05
2002,1,12,3.04,0.05
2002,2,12,3.04,0.05
2002,3,12,3.04,0.05
2002,4,12,3.04,0.05
2003,1,12,49.16,0.05
2003,2,12,49.16,0.05
2003,3,12,49.16,0.05
2003,4,12,49.16,0.05
2004,1,12,31.09,0.05
2004,2,12,31.09,0.05
2004,3,12,31.09,0.05
2004,4,12,31.09,0.05
2005,1,12,27.59,0.05
2005,2,12,27.59,0.05
2005,3,12,27.59,0.05
2005,4,12,27.59,0.05
2006,1,12,19.9,0.05
2006,2,12,19.9,0.05
2006,3,12,19.9,0.05
2006,4,12,19.9,0.05
2007,1,12,30.92,0.05
2007,2,12,30.92,0.05
2007,3,12,30.92,0.05
2007,4,12,30.92,0.05
2008,1,12,22.27,0.05
2008,2,12,22.27,0.05
2008,3,12,22.27,0.05
2008,4,12,22.27,0.05
2009,1,12,34.09,0.05
2009,2,12,34.09,0.05
2009,3,12,34.09,0.05
2009,4,12,34.09,0.05
2010,1,12,40.28,0.05
2010,2,12,40.28,0.05
2010,3,12,40.28,0.05
2010,4,12,40.28,0.05
2011,1,12,45.68,0.05
2011,2,12,45.68,0.05
2011,3,12,45.68,0.05
2011,4,12,45.68,0.05
2012,1,12,20.64,0.05
2012,2,12,20.64,0.05
2012,3,12,20.64,0.05
2012,4,12,20.64,0.05
2013,1,12,43.31,0.05
2013,2,12,43.31,0.05
2013,3,12,43.31,0.05
2013,4,12,43.31,0.05
2014,1,12,66.19,0.05
2014,2,12,66.19,0.05
2014,3,12,66.19,0.05
2014,4,12,66.19,0.05
2015,1,12,72.74,0.05
2015,2,12,72.74,0.05
2015,3,12,72.74,0.05
2015,4,12,72.74,0.05
2016,1,12,58.45,0.05
2016,2,12,58.45,0.05
2016,3,12,58.45,0.05
2016,4,12,58.45,0.05
2017,1,12,69.03,0.05
2017,2,12,69.03,0.05
2017,3,12,69.03,0.05
2017,4,12,69.03,0.05
2018,1,12,66.95,0.05
2018,2,12,66.95,0.05
2018,3,12,66.95,0.05
2018,4,12,66.95,0.05
2019,1,12,62.77,0.05
2019,2,12,62.77,0.05
2019,3,12,62.77,0.05
2019,4,12,62.77,0.05
2020,1,12,55.4,0.05
2020,2,12,55.4,0.05
2020,3,12,55.4,0.05
2020,4,12,55.4,0.05
-999,1,13,0,0.05
-999,2,13,0,0.01
-999,3,13,0,0.01
-999,4,13,0,0.05
#1975,1,13,1058.09,0.05
#1975,2,13,0,0.01
#1975,3,13,0,0.01
#1975,4,13,1481.62,0.05
#1976,1,13,576.65,0.05
#1976,2,13,0,0.01
#1976,3,13,0,0.01
#1976,4,13,807.48,0.05
1977,1,13,0,0.01
1977,2,13,0,0.01
1977,3,13,0,0.01
1977,4,13,0,0.01
1978,1,13,0,0.01
1978,2,13,0,0.01
1978,3,13,0,0.01
1978,4,13,0,0.01
1979,1,13,0,0.01
1979,2,13,0,0.01
1979,3,13,0,0.01
1979,4,13,0,0.01
1980,1,13,0,0.01
1980,2,13,0,0.01
1980,3,13,0,0.01
1980,4,13,0,0.01
1981,1,13,0,0.01
1981,2,13,0,0.01
1981,3,13,0,0.01
1981,4,13,0,0.01
1982,1,13,0,0.01
1982,2,13,0,0.01
1982,3,13,0,0.01
1982,4,13,0,0.01
1983,1,13,0,0.01
1983,2,13,0,0.01
1983,3,13,0,0.01
1983,4,13,0,0.01
1984,1,13,0,0.01
1984,2,13,0,0.01
1984,3,13,0,0.01
1984,4,13,0,0.01
1985,1,13,0,0.01
1985,2,13,0,0.01
1985,3,13,0,0.01
1985,4,13,0,0.01
1986,1,13,0,0.01
1986,2,13,0,0.01
1986,3,13,0,0.01
1986,4,13,0,0.01
1987,1,13,0,0.01
1987,2,13,0,0.01
1987,3,13,0,0.01
1987,4,13,0,0.01
1988,1,13,0,0.01
1988,2,13,0,0.01
1988,3,13,0,0.01
1988,4,13,0,0.01
1989,1,13,0,0.01
1989,2,13,0,0.01
1989,3,13,0,0.01
1989,4,13,0,0.01
1990,1,13,0,0.01
1990,2,13,0,0.01
1990,3,13,0,0.01
1990,4,13,0,0.01
1991,1,13,0,0.01
1991,2,13,0,0.01
1991,3,13,0,0.01
1991,4,13,0,0.01
1992,1,13,0,0.01
1992,2,13,0,0.01
1992,3,13,0,0.01
1992,4,13,0,0.01
1993,1,13,0,0.01
1993,2,13,0,0.01
1993,3,13,0,0.01
1993,4,13,0,0.01
1994,1,13,233.67,0.05
1994,2,13,0,0.01
1994,3,13,0,0.01
1994,4,13,327.21,0.05
1995,1,13,157.08,0.05
1995,2,13,0,0.01
1995,3,13,0,0.01
1995,4,13,219.95,0.05
1996,1,13,113.84,0.05
1996,2,13,0,0.01
1996,3,13,0,0.01
1996,4,13,159.41,0.05
1997,1,13,131.65,0.05
1997,2,13,0,0.01
1997,3,13,0,0.01
1997,4,13,184.35,0.05
1998,1,13,176.83,0.05
1998,2,13,0,0.01
1998,3,13,0,0.01
1998,4,13,247.62,0.05
1999,1,13,182.34,0.05
1999,2,13,0,0.01
1999,3,13,0,0.01
1999,4,13,255.33,0.05
2000,1,13,171.98,0.05
2000,2,13,0,0.01
2000,3,13,0,0.01
2000,4,13,240.81,0.05
2001,1,13,174.4,0.05
2001,2,13,0,0.01
2001,3,13,0,0.01
2001,4,13,244.22,0.05
2002,1,13,204.69,0.05
2002,2,13,0,0.01
2002,3,13,0,0.01
2002,4,13,286.62,0.05
2003,1,13,172.3,0.05
2003,2,13,0,0.01
2003,3,13,0,0.01
2003,4,13,241.27,0.05
2004,1,13,216.83,0.05
2004,2,13,0,0.01
2004,3,13,0,0.01
2004,4,13,303.63,0.05
2005,1,13,196.59,0.05
2005,2,13,0,0.01
2005,3,13,0,0.01
2005,4,13,275.28,0.05
2006,1,13,192.7,0.05
2006,2,13,0,0.01
2006,3,13,0,0.01
2006,4,13,269.84,0.05
2007,1,13,157.08,0.05
2007,2,13,0,0.01
2007,3,13,0,0.01
2007,4,13,219.95,0.05
2008,1,13,210.84,0.05
2008,2,13,0,0.01
2008,3,13,0,0.01
2008,4,13,295.24,0.05
2009,1,13,132.95,0.05
2009,2,13,0,0.01
2009,3,13,0,0.01
2009,4,13,186.17,0.05
2010,1,13,147.85,0.05
2010,2,13,0,0.01
2010,3,13,0,0.01
2010,4,13,207.03,0.05
2011,1,13,56.19,0.05
2011,2,13,0,0.01
2011,3,13,0,0.01
2011,4,13,78.68,0.05
2012,1,13,96.68,0.05
2012,2,13,0,0.01
2012,3,13,0,0.01
2012,4,13,135.37,0.05
2013,1,13,54.41,0.05
2013,2,13,0,0.01
2013,3,13,0,0.01
2013,4,13,76.19,0.05
2014,1,13,28.01,0.05
2014,2,13,0,0.01
2014,3,13,0,0.01
2014,4,13,39.23,0.05
2015,1,13,46.48,0.05
2015,2,13,0,0.01
2015,3,13,0,0.01
2015,4,13,65.08,0.05
2016,1,13,49.88,0.05
2016,2,13,0,0.01
2016,3,13,0,0.01
2016,4,13,69.84,0.05
2017,1,13,39.03,0.05
2017,2,13,0,0.01
2017,3,13,0,0.01
2017,4,13,54.65,0.05
2018,1,13,45.02,0.05
2018,2,13,0,0.01
2018,3,13,0,0.01
2018,4,13,63.04,0.05
2019,1,13,39.03,0.05
2019,2,13,0,0.01
2019,3,13,0,0.01
2019,4,13,54.65,0.05
2020,1,13,39.03,0.05
2020,2,13,0,0.01
2020,3,13,0,0.01
2020,4,13,54.65,0.05
-999,1,14,0,0.01
-999,2,14,0,0.05
-999,3,14,0,0.05
-999,4,14,0,0.01
#1975,1,14,0,0.01
#1975,2,14,445.63,0.05
#1975,3,14,3548.66,0.05
#1975,4,14,0,0.01
#1976,1,14,0,0.01
#1976,2,14,242.87,0.05
#1976,3,14,1934,0.05
#1976,4,14,0,0.01
1977,1,14,0,0.01
1977,2,14,0,0.01
1977,3,14,0,0.01
1977,4,14,0,0.01
1978,1,14,0,0.01
1978,2,14,0,0.01
1978,3,14,0,0.01
1978,4,14,0,0.01
1979,1,14,0,0.01
1979,2,14,0,0.01
1979,3,14,0,0.01
1979,4,14,0,0.01
1980,1,14,0,0.01
1980,2,14,0,0.01
1980,3,14,0,0.01
1980,4,14,0,0.01
1981,1,14,0,0.01
1981,2,14,0,0.01
1981,3,14,0,0.01
1981,4,14,0,0.01
1982,1,14,0,0.01
1982,2,14,0,0.01
1982,3,14,0,0.01
1982,4,14,0,0.01
1983,1,14,0,0.01
1983,2,14,0,0.01
1983,3,14,0,0.01
1983,4,14,0,0.01
1984,1,14,0,0.01
1984,2,14,0,0.01
1984,3,14,0,0.01
1984,4,14,0,0.01
1985,1,14,0,0.01
1985,2,14,0,0.01
1985,3,14,0,0.01
1985,4,14,0,0.01
1986,1,14,0,0.01
1986,2,14,0,0.01
1986,3,14,0,0.01
1986,4,14,0,0.01
1987,1,14,0,0.01
1987,2,14,0,0.01
1987,3,14,0,0.01
1987,4,14,0,0.01
1988,1,14,0,0.01
1988,2,14,0,0.01
1988,3,14,0,0.01
1988,4,14,0,0.01
1989,1,14,0,0.01
1989,2,14,0,0.01
1989,3,14,0,0.01
1989,4,14,0,0.01
1990,1,14,0,0.01
1990,2,14,0,0.01
1990,3,14,0,0.01
1990,4,14,0,0.01
1991,1,14,0,0.01
1991,2,14,0,0.01
1991,3,14,0,0.01
1991,4,14,0,0.01
1992,1,14,0,0.01
1992,2,14,0,0.01
1992,3,14,0,0.01
1992,4,14,0,0.01
1993,1,14,0,0.01
1993,2,14,0,0.01
1993,3,14,0,0.01
1993,4,14,0,0.01
1994,1,14,0,0.01
1994,2,14,98.42,0.05
1994,3,14,783.7,0.05
1994,4,14,0,0.01
1995,1,14,0,0.01
1995,2,14,66.16,0.05
1995,3,14,526.81,0.05
1995,4,14,0,0.01
1996,1,14,0,0.01
1996,2,14,47.95,0.05
1996,3,14,381.8,0.05
1996,4,14,0,0.01
1997,1,14,0,0.01
1997,2,14,55.45,0.05
1997,3,14,441.55,0.05
1997,4,14,0,0.01
1998,1,14,0,0.01
1998,2,14,74.48,0.05
1998,3,14,593.07,0.05
1998,4,14,0,0.01
1999,1,14,0,0.01
1999,2,14,76.8,0.05
1999,3,14,611.54,0.05
1999,4,14,0,0.01
2000,1,14,0,0.01
2000,2,14,72.43,0.05
2000,3,14,576.78,0.05
2000,4,14,0,0.01
2001,1,14,0,0.01
2001,2,14,73.45,0.05
2001,3,14,584.93,0.05
2001,4,14,0,0.01
2002,1,14,0,0.01
2002,2,14,86.21,0.05
2002,3,14,686.49,0.05
2002,4,14,0,0.01
2003,1,14,0,0.01
2003,2,14,72.57,0.05
2003,3,14,577.87,0.05
2003,4,14,0,0.01
2004,1,14,0,0.01
2004,2,14,91.32,0.05
2004,3,14,727.22,0.05
2004,4,14,0,0.01
2005,1,14,0,0.01
2005,2,14,82.8,0.05
2005,3,14,659.33,0.05
2005,4,14,0,0.01
2006,1,14,0,0.01
2006,2,14,81.16,0.05
2006,3,14,646.3,0.05
2006,4,14,0,0.01
2007,1,14,0,0.01
2007,2,14,66.16,0.05
2007,3,14,526.81,0.05
2007,4,14,0,0.01
2008,1,14,0,0.01
2008,2,14,88.8,0.05
2008,3,14,707.13,0.05
2008,4,14,0,0.01
2009,1,14,0,0.01
2009,2,14,55.99,0.05
2009,3,14,445.89,0.05
2009,4,14,0,0.01
2010,1,14,0,0.01
2010,2,14,62.27,0.05
2010,3,14,495.86,0.05
2010,4,14,0,0.01
2011,1,14,0,0.01
2011,2,14,23.67,0.05
2011,3,14,188.46,0.05
2011,4,14,0,0.01
2012,1,14,0,0.01
2012,2,14,40.72,0.05
2012,3,14,324.23,0.05
2012,4,14,0,0.01
2013,1,14,0,0.01
2013,2,14,22.92,0.05
2013,3,14,182.48,0.05
2013,4,14,0,0.01
2014,1,14,0,0.01
2014,2,14,11.8,0.05
2014,3,14,93.96,0.05
2014,4,14,0,0.01
2015,1,14,0,0.01
2015,2,14,19.57,0.05
2015,3,14,155.87,0.05
2015,4,14,0,0.01
2016,1,14,0,0.01
2016,2,14,21.01,0.05
2016,3,14,167.28,0.05
2016,4,14,0,0.01
2017,1,14,0,0.01
2017,2,14,16.44,0.05
2017,3,14,130.89,0.05
2017,4,14,0,0.01
2018,1,14,0,0.01
2018,2,14,18.96,0.05
2018,3,14,150.98,0.05
2018,4,14,0,0.01
2019,1,14,0,0.01
2019,2,14,16.44,0.05
2019,3,14,130.89,0.05
2019,4,14,0,0.01
2020,1,14,0,0.01
2020,2,14,16.44,0.05
2020,3,14,130.89,0.05
2020,4,14,0,0.01
-999,1,15,0,0.05
-999,2,15,0,0.05
-999,3,15,0,0.05
-999,4,15,0,0.05
#1975,1,15,171.5,0.05
#1975,2,15,171.5,0.05
#1975,3,15,171.5,0.05
#1975,4,15,171.5,0.05
#1976,1,15,146.25,0.05
#1976,2,15,146.25,0.05
#1976,3,15,146.25,0.05
#1976,4,15,146.25,0.05
1977,1,15,136.75,0.05
1977,2,15,136.75,0.05
1977,3,15,136.75,0.05
1977,4,15,136.75,0.05
1978,1,15,136.5,0.05
1978,2,15,136.5,0.05
1978,3,15,136.5,0.05
1978,4,15,136.5,0.05
1979,1,15,131.5,0.05
1979,2,15,131.5,0.05
1979,3,15,131.5,0.05
1979,4,15,131.5,0.05
1980,1,15,134,0.05
1980,2,15,134,0.05
1980,3,15,134,0.05
1980,4,15,134,0.05
1981,1,15,135.5,0.05
1981,2,15,135.5,0.05
1981,3,15,135.5,0.05
1981,4,15,135.5,0.05
1982,1,15,164,0.05
1982,2,15,164,0.05
1982,3,15,164,0.05
1982,4,15,164,0.05
1983,1,15,212.25,0.05
1983,2,15,212.25,0.05
1983,3,15,212.25,0.05
1983,4,15,212.25,0.05
1984,1,15,198.75,0.05
1984,2,15,198.75,0.05
1984,3,15,198.75,0.05
1984,4,15,198.75,0.05
1985,1,15,193.25,0.05
1985,2,15,193.25,0.05
1985,3,15,193.25,0.05
1985,4,15,193.25,0.05
1986,1,15,156.25,0.05
1986,2,15,156.25,0.05
1986,3,15,156.25,0.05
1986,4,15,156.25,0.05
1987,1,15,136.25,0.05
1987,2,15,136.25,0.05
1987,3,15,136.25,0.05
1987,4,15,136.25,0.05
1988,1,15,180.5,0.05
1988,2,15,180.5,0.05
1988,3,15,180.5,0.05
1988,4,15,180.5,0.05
1989,1,15,159.75,0.05
1989,2,15,159.75,0.05
1989,3,15,159.75,0.05
1989,4,15,159.75,0.05
1990,1,15,141,0.05
1990,2,15,141,0.05
1990,3,15,141,0.05
1990,4,15,141,0.05
1991,1,15,133.5,0.05
1991,2,15,133.5,0.05
1991,3,15,133.5,0.05
1991,4,15,133.5,0.05
1992,1,15,84.5,0.05
1992,2,15,84.5,0.05
1992,3,15,84.5,0.05
1992,4,15,84.5,0.05
1993,1,15,177,0.05
1993,2,15,177,0.05
1993,3,15,177,0.05
1993,4,15,177,0.05
1994,1,15,95.75,0.05
1994,2,15,95.75,0.05
1994,3,15,95.75,0.05
1994,4,15,95.75,0.05
1995,1,15,70.75,0.05
1995,2,15,70.75,0.05
1995,3,15,70.75,0.05
1995,4,15,70.75,0.05
1996,1,15,38,0.05
1996,2,15,38,0.05
1996,3,15,38,0.05
1996,4,15,38,0.05
1997,1,15,40.75,0.05
1997,2,15,40.75,0.05
1997,3,15,40.75,0.05
1997,4,15,40.75,0.05
1998,1,15,76,0.05
1998,2,15,76,0.05
1998,3,15,76,0.05
1998,4,15,76,0.05
1999,1,15,46,0.05
1999,2,15,46,0.05
1999,3,15,46,0.05
1999,4,15,46,0.05
2000,1,15,74.25,0.05
2000,2,15,74.25,0.05
2000,3,15,74.25,0.05
2000,4,15,74.25,0.05
2001,1,15,59.25,0.05
2001,2,15,59.25,0.05
2001,3,15,59.25,0.05
2001,4,15,59.25,0.05
2002,1,15,72.5,0.05
2002,2,15,72.5,0.05
2002,3,15,72.5,0.05
2002,4,15,72.5,0.05
2003,1,15,50.75,0.05
2003,2,15,50.75,0.05
2003,3,15,50.75,0.05
2003,4,15,50.75,0.05
2004,1,15,22.5,0.05
2004,2,15,22.5,0.05
2004,3,15,22.5,0.05
2004,4,15,22.5,0.05
2005,1,15,24.5,0.05
2005,2,15,24.5,0.05
2005,3,15,24.5,0.05
2005,4,15,24.5,0.05
2006,1,15,23.75,0.05
2006,2,15,23.75,0.05
2006,3,15,23.75,0.05
2006,4,15,23.75,0.05
2007,1,15,19.75,0.05
2007,2,15,19.75,0.05
2007,3,15,19.75,0.05
2007,4,15,19.75,0.05
2008,1,15,24.25,0.05
2008,2,15,24.25,0.05
2008,3,15,24.25,0.05
2008,4,15,24.25,0.05
2009,1,15,22.5,0.05
2009,2,15,22.5,0.05
2009,3,15,22.5,0.05
2009,4,15,22.5,0.05
2010,1,15,20.5,0.05
2010,2,15,20.5,0.05
2010,3,15,20.5,0.05
2010,4,15,20.5,0.05
2011,1,15,22,0.05
2011,2,15,22,0.05
2011,3,15,22,0.05
2011,4,15,22,0.05
2012,1,15,29.75,0.05
2012,2,15,29.75,0.05
2012,3,15,29.75,0.05
2012,4,15,29.75,0.05
2013,1,15,23,0.05
2013,2,15,23,0.05
2013,3,15,23,0.05
2013,4,15,23,0.05
2014,1,15,14.25,0.05
2014,2,15,14.25,0.05
2014,3,15,14.25,0.05
2014,4,15,14.25,0.05
2015,1,15,25.25,0.05
2015,2,15,25.25,0.05
2015,3,15,25.25,0.05
2015,4,15,25.25,0.05
2016,1,15,24.5,0.05
2016,2,15,24.5,0.05
2016,3,15,24.5,0.05
2016,4,15,24.5,0.05
2017,1,15,19.75,0.05
2017,2,15,19.75,0.05
2017,3,15,19.75,0.05
2017,4,15,19.75,0.05
2018,1,15,29,0.05
2018,2,15,29,0.05
2018,3,15,29,0.05
2018,4,15,29,0.05
2019,1,15,32.25,0.05
2019,2,15,32.25,0.05
2019,3,15,32.25,0.05
2019,4,15,32.25,0.05
2020,1,15,32.25,0.05
2020,2,15,32.25,0.05
2020,3,15,32.25,0.05
2020,4,15,32.25,0.05
-999,1,16,0,0.05
-999,2,16,0,0.05
-999,3,16,0,0.05
-999,4,16,0,0.05
#1975,1,16,0,0.05
#1975,2,16,0,0.05
#1975,3,16,0,0.05
#1975,4,16,0,0.05
#1976,1,16,0,0.05
#1976,2,16,0,0.05
#1976,3,16,0,0.05
#1976,4,16,0,0.05
1977,1,16,0,0.05
1977,2,16,0,0.05
1977,3,16,0,0.05
1977,4,16,0,0.05
1978,1,16,0,0.05
1978,2,16,0,0.05
1978,3,16,0,0.05
1978,4,16,0,0.05
1979,1,16,0,0.05
1979,2,16,0,0.05
1979,3,16,0,0.05
1979,4,16,0,0.05
1980,1,16,0,0.05
1980,2,16,0,0.05
1980,3,16,0,0.05
1980,4,16,0,0.05
1981,1,16,0,0.05
1981,2,16,0,0.05
1981,3,16,0,0.05
1981,4,16,0,0.05
1982,1,16,0,0.05
1982,2,16,0,0.05
1982,3,16,0,0.05
1982,4,16,0,0.05
1983,1,16,0,0.05
1983,2,16,0,0.05
1983,3,16,0,0.05
1983,4,16,0,0.05
1984,1,16,0,0.05
1984,2,16,0,0.05
1984,3,16,0,0.05
1984,4,16,0,0.05
1985,1,16,0,0.05
1985,2,16,0,0.05
1985,3,16,0,0.05
1985,4,16,0,0.05
1986,1,16,0,0.05
1986,2,16,0,0.05
1986,3,16,0,0.05
1986,4,16,0,0.05
1987,1,16,35.64,0.05
1987,2,16,85.84,0.05
1987,3,16,15.17,0.05
1987,4,16,140.03,0.05
1988,1,16,130.27,0.05
1988,2,16,177.15,0.05
1988,3,16,8.53,0.05
1988,4,16,166.62,0.05
1989,1,16,174.73,0.05
1989,2,16,257.26,0.05
1989,3,16,17.48,0.05
1989,4,16,137.37,0.05
1990,1,16,114.52,0.05
1990,2,16,205.75,0.05
1990,3,16,35.38,0.05
1990,4,16,128.04,0.05
1991,1,16,103.13,0.05
1991,2,16,239.63,0.05
1991,3,16,61.87,0.05
1991,4,16,145.23,0.05
1992,1,16,134.29,0.05
1992,2,16,181.45,0.05
1992,3,16,69.77,0.05
1992,4,16,159.91,0.05
1993,1,16,104.66,0.05
1993,2,16,202.79,0.05
1993,3,16,55.31,0.05
1993,4,16,169.76,0.05
1994,1,16,108.55,0.05
1994,2,16,142.44,0.05
1994,3,16,32.39,0.05
1994,4,16,79.91,0.05
1995,1,16,105.31,0.05
1995,2,16,201.13,0.05
1995,3,16,96.49,0.05
1995,4,16,335.31,0.05
1996,1,16,156.35,0.05
1996,2,16,167.4,0.05
1996,3,16,63.66,0.05
1996,4,16,127.65,0.05
1997,1,16,95.81,0.05
1997,2,16,246.58,0.05
1997,3,16,32.14,0.05
1997,4,16,93.48,0.05
1998,1,16,79.29,0.05
1998,2,16,116.14,0.05
1998,3,16,64.26,0.05
1998,4,16,239.29,0.05
1999,1,16,118.54,0.05
1999,2,16,133.86,0.05
1999,3,16,69.65,0.05
1999,4,16,129.03,0.05
2000,1,16,69.81,0.05
2000,2,16,90.55,0.05
2000,3,16,21.5,0.05
2000,4,16,51.28,0.05
2001,1,16,71.89,0.05
2001,2,16,95.43,0.05
2001,3,16,31.1,0.05
2001,4,16,217.03,0.05
2002,1,16,72.47,0.05
2002,2,16,56.36,0.05
2002,3,16,13.85,0.05
2002,4,16,89.34,0.05
2003,1,16,288.2,0.05
2003,2,16,113.04,0.05
2003,3,16,55.83,0.05
2003,4,16,302.19,0.05
2004,1,16,185.2,0.05
2004,2,16,89.2,0.05
2004,3,16,47.96,0.05
2004,4,16,137.61,0.05
2005,1,16,317.68,0.05
2005,2,16,240.16,0.05
2005,3,16,68.24,0.05
2005,4,16,106.95,0.05
2006,1,16,154.91,0.05
2006,2,16,163.96,0.05
2006,3,16,138.26,0.05
2006,4,16,247.35,0.05
2007,1,16,139.9,0.05
2007,2,16,109.97,0.05
2007,3,16,53.8,0.05
2007,4,16,44.62,0.05
2008,1,16,83.45,0.05
2008,2,16,211.98,0.05
2008,3,16,58.8,0.05
2008,4,16,122.5,0.05
2009,1,16,92.13,0.05
2009,2,16,114.32,0.05
2009,3,16,66.45,0.05
2009,4,16,79.21,0.05
2010,1,16,45.93,0.05
2010,2,16,45.93,0.05
2010,3,16,45.93,0.05
2010,4,16,45.93,0.05
2011,1,16,100.38,0.05
2011,2,16,100.38,0.05
2011,3,16,100.38,0.05
2011,4,16,100.38,0.05
2012,1,16,77.55,0.05
2012,2,16,77.55,0.05
2012,3,16,77.55,0.05
2012,4,16,77.55,0.05
2013,1,16,109.73,0.05
2013,2,16,109.73,0.05
2013,3,16,109.73,0.05
2013,4,16,109.73,0.05
2014,1,16,117.15,0.05
2014,2,16,117.15,0.05
2014,3,16,117.15,0.05
2014,4,16,117.15,0.05
2015,1,16,134.75,0.05
2015,2,16,134.75,0.05
2015,3,16,134.75,0.05
2015,4,16,134.75,0.05
2016,1,16,106.15,0.05
2016,2,16,106.15,0.05
2016,3,16,106.15,0.05
2016,4,16,106.15,0.05
2017,1,16,113.03,0.05
2017,2,16,113.03,0.05
2017,3,16,113.03,0.05
2018,1,16,117.4,0.05
2018,2,16,126.3,0.05
2018,3,16,47.2,0.05
2018,4,16,125.7,0.05
2019,1,16,142.3,0.05
2019,2,16,147.1,0.05
2019,3,16,54.6,0.05
2019,4,16,164.5,0.05
2020,1,16,101.6,0.05
2020,2,16,80.7,0.05
2020,3,16,46.3,0.05
2020,4,16,90.7,0.05
-999,1,17,0,0.05
-999,2,17,0,0.05
-999,3,17,0,0.05
-999,4,17,0,0.05
#1975,1,17,0,0.05
#1975,2,17,0,0.05
#1975,3,17,0,0.05
#1975,4,17,0,0.05
#1976,1,17,0,0.05
#1976,2,17,0,0.05
#1976,3,17,0,0.05
#1976,4,17,0,0.05
1977,1,17,0,0.05
1977,2,17,0,0.05
1977,3,17,0,0.05
1977,4,17,0,0.05
1978,1,17,0,0.05
1978,2,17,0,0.05
1978,3,17,0,0.05
1978,4,17,0,0.05
1979,1,17,0,0.05
1979,2,17,0,0.05
1979,3,17,0,0.05
1979,4,17,0,0.05
1980,1,17,0,0.05
1980,2,17,0,0.05
1980,3,17,0,0.05
1980,4,17,0,0.05
1981,1,17,0,0.05
1981,2,17,0,0.05
1981,3,17,0,0.05
1981,4,17,0,0.05
1982,1,17,0,0.05
1982,2,17,0,0.05
1982,3,17,0,0.05
1982,4,17,0,0.05
1983,1,17,0,0.05
1983,2,17,0,0.05
1983,3,17,0,0.05
1983,4,17,0,0.05
1984,1,17,0,0.05
1984,2,17,0,0.05
1984,3,17,0,0.05
1984,4,17,0,0.05
1985,1,17,0,0.05
1985,2,17,0,0.05
1985,3,17,0,0.05
1985,4,17,0,0.05
1986,1,17,0,0.05
1986,2,17,0,0.05
1986,3,17,0,0.05
1986,4,17,0,0.05
1987,1,17,7.75,0.05
1987,2,17,7.75,0.05
1987,3,17,7.75,0.05
1987,4,17,7.75,0.05
1988,1,17,13.75,0.05
1988,2,17,13.75,0.05
1988,3,17,13.75,0.05
1988,4,17,13.75,0.05
1989,1,17,6,0.05
1989,2,17,6,0.05
1989,3,17,6,0.05
1989,4,17,6,0.05
1990,1,17,6.75,0.05
1990,2,17,6.75,0.05
1990,3,17,6.75,0.05
1990,4,17,6.75,0.05
1991,1,17,10,0.05
1991,2,17,10,0.05
1991,3,17,10,0.05
1991,4,17,10,0.05
1992,1,17,9.75,0.05
1992,2,17,9.75,0.05
1992,3,17,9.75,0.05
1992,4,17,9.75,0.05
1993,1,17,17.25,0.05
1993,2,17,17.25,0.05
1993,3,17,17.25,0.05
1993,4,17,17.25,0.05
1994,1,17,8.5,0.05
1994,2,17,8.5,0.05
1994,3,17,8.5,0.05
1994,4,17,8.5,0.05
1995,1,17,13,0.05
1995,2,17,13,0.05
1995,3,17,13,0.05
1995,4,17,13,0.05
1996,1,17,13.75,0.05
1996,2,17,13.75,0.05
1996,3,17,13.75,0.05
1996,4,17,13.75,0.05
1997,1,17,9.75,0.05
1997,2,17,9.75,0.05
1997,3,17,9.75,0.05
1997,4,17,9.75,0.05
1998,1,17,6.5,0.05
1998,2,17,6.5,0.05
1998,3,17,6.5,0.05
1998,4,17,6.5,0.05
1999,1,17,7.25,0.05
1999,2,17,7.25,0.05
1999,3,17,7.25,0.05
1999,4,17,7.25,0.05
2000,1,17,3.75,0.05
2000,2,17,3.75,0.05
2000,3,17,3.75,0.05
2000,4,17,3.75,0.05
2001,1,17,11,0.05
2001,2,17,11,0.05
2001,3,17,11,0.05
2001,4,17,11,0.05
2002,1,17,7.5,0.05
2002,2,17,7.5,0.05
2002,3,17,7.5,0.05
2002,4,17,7.5,0.05
2003,1,17,7.5,0.05
2003,2,17,7.5,0.05
2003,3,17,7.5,0.05
2003,4,17,7.5,0.05
2004,1,17,8.75,0.05
2004,2,17,8.75,0.05
2004,3,17,8.75,0.05
2004,4,17,8.75,0.05
2005,1,17,5,0.05
2005,2,17,5,0.05
2005,3,17,5,0.05
2005,4,17,5,0.05
2006,1,17,5.25,0.05
2006,2,17,5.25,0.05
2006,3,17,5.25,0.05
2006,4,17,5.25,0.05
2007,1,17,3.25,0.05
2007,2,17,3.25,0.05
2007,3,17,3.25,0.05
2007,4,17,3.25,0.05
2008,1,17,3.5,0.05
2008,2,17,3.5,0.05
2008,3,17,3.5,0.05
2008,4,17,3.5,0.05
2009,1,17,2.5,0.05
2009,2,17,2.5,0.05
2009,3,17,2.5,0.05
2009,4,17,2.5,0.05
2010,1,17,4.75,0.05
2010,2,17,4.75,0.05
2010,3,17,4.75,0.05
2010,4,17,4.75,0.05
2011,1,17,4,0.05
2011,2,17,4,0.05
2011,3,17,4,0.05
2011,4,17,4,0.05
2012,1,17,2.75,0.05
2012,2,17,2.75,0.05
2012,3,17,2.75,0.05
2012,4,17,2.75,0.05
2013,1,17,2,0.05
2013,2,17,2,0.05
2013,3,17,2,0.05
2013,4,17,2,0.05
2014,1,17,3,0.05
2014,2,17,3,0.05
2014,3,17,3,0.05
2014,4,17,3,0.05
2015,1,17,2.75,0.05
2015,2,17,2.75,0.05
2015,3,17,2.75,0.05
2015,4,17,2.75,0.05
2016,1,17,3,0.05
2016,2,17,3,0.05
2016,3,17,3,0.05
2016,4,17,3,0.05
2017,1,17,1.5,0.05
2017,2,17,1.5,0.05
2017,3,17,1.5,0.05
2017,4,17,1.5,0.05
2018,1,17,1.5,0.05
2018,2,17,1.5,0.05
2018,3,17,1.5,0.05
2018,4,17,1.5,0.05
2019,1,17,1.5,0.05
2019,2,17,1.5,0.05
2019,3,17,1.5,0.05
2019,4,17,1.5,0.05
2020,1,17,1.5,0.05
2020,2,17,1.5,0.05
2020,3,17,1.5,0.05
2020,4,17,1.5,0.05
-999,1,18,0,0.05
-999,2,18,0,0.05
-999,3,18,0,0.05
-999,4,18,0,0.05
#1975,1,18,16,0.05
#1975,2,18,16,0.05
#1975,3,18,16,0.05
#1975,4,18,16,0.05
#1976,1,18,8,0.05
#1976,2,18,8,0.05
#1976,3,18,8,0.05
#1976,4,18,8,0.05
1977,1,18,4.25,0.05
1977,2,18,4.25,0.05
1977,3,18,4.25,0.05
1977,4,18,4.25,0.05
1978,1,18,0,0.05
1978,2,18,0,0.05
1978,3,18,0,0.05
1978,4,18,0,0.05
1979,1,18,6.5,0.05
1979,2,18,6.5,0.05
1979,3,18,6.5,0.05
1979,4,18,6.5,0.05
1980,1,18,15.25,0.05
1980,2,18,15.25,0.05
1980,3,18,15.25,0.05
1980,4,18,15.25,0.05
1981,1,18,4,0.05
1981,2,18,4,0.05
1981,3,18,4,0.05
1981,4,18,4,0.05
1982,1,18,1.75,0.05
1982,2,18,1.75,0.05
1982,3,18,1.75,0.05
1982,4,18,1.75,0.05
1983,1,18,0,0.05
1983,2,18,0,0.05
1983,3,18,0,0.05
1983,4,18,0,0.05
1984,1,18,0,0.05
1984,2,18,0,0.05
1984,3,18,0,0.05
1984,4,18,0,0.05
1985,1,18,0,0.05
1985,2,18,0,0.05
1985,3,18,0,0.05
1985,4,18,0,0.05
1986,1,18,0,0.05
1986,2,18,0,0.05
1986,3,18,0,0.05
1986,4,18,0,0.05
1987,1,18,7.75,0.05
1987,2,18,7.75,0.05
1987,3,18,7.75,0.05
1987,4,18,7.75,0.05
1988,1,18,1.75,0.05
1988,2,18,1.75,0.05
1988,3,18,1.75,0.05
1988,4,18,1.75,0.05
1989,1,18,1.5,0.05
1989,2,18,1.5,0.05
1989,3,18,1.5,0.05
1989,4,18,1.5,0.05
1990,1,18,0.5,0.05
1990,2,18,0.5,0.05
1990,3,18,0.5,0.05
1990,4,18,0.5,0.05
1991,1,18,9,0.05
1991,2,18,9,0.05
1991,3,18,9,0.05
1991,4,18,9,0.05
1992,1,18,0.25,0.05
1992,2,18,0.25,0.05
1992,3,18,0.25,0.05
1992,4,18,0.25,0.05
1993,1,18,1.25,0.05
1993,2,18,1.25,0.05
1993,3,18,1.25,0.05
1993,4,18,1.25,0.05
1994,1,18,0.25,0.05
1994,2,18,0.25,0.05
1994,3,18,0.25,0.05
1994,4,18,0.25,0.05
1995,1,18,6.75,0.05
1995,2,18,6.75,0.05
1995,3,18,6.75,0.05
1995,4,18,6.75,0.05
1996,1,18,6.5,0.05
1996,2,18,6.5,0.05
1996,3,18,6.5,0.05
1996,4,18,6.5,0.05
1997,1,18,14.75,0.05
1997,2,18,14.75,0.05
1997,3,18,14.75,0.05
1997,4,18,14.75,0.05
1998,1,18,22.5,0.05
1998,2,18,22.5,0.05
1998,3,18,22.5,0.05
1998,4,18,22.5,0.05
1999,1,18,16.5,0.05
1999,2,18,16.5,0.05
1999,3,18,16.5,0.05
1999,4,18,16.5,0.05
2000,1,18,22.5,0.05
2000,2,18,22.5,0.05
2000,3,18,22.5,0.05
2000,4,18,22.5,0.05
2001,1,18,5.25,0.05
2001,2,18,5.25,0.05
2001,3,18,5.25,0.05
2001,4,18,5.25,0.05
2002,1,18,12.75,0.05
2002,2,18,12.75,0.05
2002,3,18,12.75,0.05
2002,4,18,12.75,0.05
2003,1,18,43,0.05
2003,2,18,43,0.05
2003,3,18,43,0.05
2003,4,18,43,0.05
2004,1,18,57,0.05
2004,2,18,57,0.05
2004,3,18,57,0.05
2004,4,18,57,0.05
2005,1,18,44,0.05
2005,2,18,44,0.05
2005,3,18,44,0.05
2005,4,18,44,0.05
2006,1,18,33.5,0.05
2006,2,18,33.5,0.05
2006,3,18,33.5,0.05
2006,4,18,33.5,0.05
2007,1,18,22.25,0.05
2007,2,18,22.25,0.05
2007,3,18,22.25,0.05
2007,4,18,22.25,0.05
2008,1,18,18,0.05
2008,2,18,18,0.05
2008,3,18,18,0.05
2008,4,18,18,0.05
2009,1,18,7.5,0.05
2009,2,18,7.5,0.05
2009,3,18,7.5,0.05
2009,4,18,7.5,0.05
2010,1,18,8,0.05
2010,2,18,8,0.05
2010,3,18,8,0.05
2010,4,18,8,0.05
2011,1,18,13.25,0.05
2011,2,18,13.25,0.05
2011,3,18,13.25,0.05
2011,4,18,13.25,0.05
2012,1,18,18.25,0.05
2012,2,18,18.25,0.05
2012,3,18,18.25,0.05
2012,4,18,18.25,0.05
2013,1,18,16.75,0.05
2013,2,18,16.75,0.05
2013,3,18,16.75,0.05
2013,4,18,16.75,0.05
2014,1,18,4.2,0.05
2014,2,18,4.2,0.05
2014,3,18,4.2,0.05
2014,4,18,4.2,0.05
2015,1,18,8.33,0.05
2015,2,18,8.33,0.05
2015,3,18,8.33,0.05
2015,4,18,8.33,0.05
2016,1,18,14.5,0.05
2016,2,18,14.5,0.05
2016,3,18,14.5,0.05
2016,4,18,14.5,0.05
2017,1,18,18,0.05
2017,2,18,18,0.05
2017,3,18,18,0.05
2017,4,18,18,0.05
2018,1,18,13.5,0.05
2018,2,18,13.5,0.05
2018,3,18,13.5,0.05
2018,4,18,13.5,0.05
2019,1,18,9.75,0.05
2019,2,18,9.75,0.05
2019,3,18,9.75,0.05
2019,4,18,9.75,0.05
2020,1,18,7.88,0.05
2020,2,18,7.88,0.05
2020,3,18,7.88,0.05
2020,4,18,7.88,0.05
-999,1,19,0,0.05
-999,2,19,0,0.05
-999,3,19,0,0.05
-999,4,19,0,0.05
#1975,1,19,183,0.05
#1975,2,19,183,0.05
#1975,3,19,183,0.05
#1975,4,19,183,0.05
#1976,1,19,86.75,0.05
#1976,2,19,86.75,0.05
#1976,3,19,86.75,0.05
#1976,4,19,86.75,0.05
1977,1,19,131,0.05
1977,2,19,131,0.05
1977,3,19,131,0.05
1977,4,19,131,0.05
1978,1,19,154.5,0.05
1978,2,19,154.5,0.05
1978,3,19,154.5,0.05
1978,4,19,154.5,0.05
1979,1,19,108,0.05
1979,2,19,108,0.05
1979,3,19,108,0.05
1979,4,19,108,0.05
1980,1,19,55.75,0.05
1980,2,19,55.75,0.05
1980,3,19,55.75,0.05
1980,4,19,55.75,0.05
1981,1,19,122.75,0.05
1981,2,19,122.75,0.05
1981,3,19,122.75,0.05
1981,4,19,122.75,0.05
1982,1,19,99.25,0.05
1982,2,19,99.25,0.05
1982,3,19,99.25,0.05
1982,4,19,99.25,0.05
1983,1,19,138.75,0.05
1983,2,19,138.75,0.05
1983,3,19,138.75,0.05
1983,4,19,138.75,0.05
1984,1,19,241.25,0.05
1984,2,19,241.25,0.05
1984,3,19,241.25,0.05
1984,4,19,241.25,0.05
1985,1,19,128.25,0.05
1985,2,19,128.25,0.05
1985,3,19,128.25,0.05
1985,4,19,128.25,0.05
1986,1,19,44.75,0.05
1986,2,19,44.75,0.05
1986,3,19,44.75,0.05
1986,4,19,44.75,0.05
1987,1,19,95.75,0.05
1987,2,19,95.75,0.05
1987,3,19,95.75,0.05
1987,4,19,95.75,0.05
1988,1,19,114.25,0.05
1988,2,19,114.25,0.05
1988,3,19,114.25,0.05
1988,4,19,114.25,0.05
1989,1,19,46,0.05
1989,2,19,46,0.05
1989,3,19,46,0.05
1989,4,19,46,0.05
1990,1,19,34.25,0.05
1990,2,19,34.25,0.05
1990,3,19,34.25,0.05
1990,4,19,34.25,0.05
1991,1,19,63.5,0.05
1991,2,19,63.5,0.05
1991,3,19,63.5,0.05
1991,4,19,63.5,0.05
1992,1,19,54.75,0.05
1992,2,19,54.75,0.05
1992,3,19,54.75,0.05
1992,4,19,54.75,0.05
1993,1,19,55.25,0.05
1993,2,19,55.25,0.05
1993,3,19,55.25,0.05
1993,4,19,55.25,0.05
1994,1,19,34.25,0.05
1994,2,19,34.25,0.05
1994,3,19,34.25,0.05
1994,4,19,34.25,0.05
1995,1,19,20.75,0.05
1995,2,19,20.75,0.05
1995,3,19,20.75,0.05
1995,4,19,20.75,0.05
1996,1,19,40.5,0.05
1996,2,19,40.5,0.05
1996,3,19,40.5,0.05
1996,4,19,40.5,0.05
1997,1,19,72.5,0.05
1997,2,19,72.5,0.05
1997,3,19,72.5,0.05
1997,4,19,72.5,0.05
1998,1,19,51.25,0.05
1998,2,19,51.25,0.05
1998,3,19,51.25,0.05
1998,4,19,51.25,0.05
1999,1,19,32,0.05
1999,2,19,32,0.05
1999,3,19,32,0.05
1999,4,19,32,0.05
2000,1,19,40.25,0.05
2000,2,19,40.25,0.05
2000,3,19,40.25,0.05
2000,4,19,40.25,0.05
2001,1,19,32.25,0.05
2001,2,19,32.25,0.05
2001,3,19,32.25,0.05
2001,4,19,32.25,0.05
2002,1,19,56.5,0.05
2002,2,19,56.5,0.05
2002,3,19,56.5,0.05
2002,4,19,56.5,0.05
2003,1,19,170.25,0.05
2003,2,19,170.25,0.05
2003,3,19,170.25,0.05
2003,4,19,170.25,0.05
2004,1,19,65.25,0.05
2004,2,19,65.25,0.05
2004,3,19,65.25,0.05
2004,4,19,65.25,0.05
2005,1,19,146,0.05
2005,2,19,146,0.05
2005,3,19,146,0.05
2005,4,19,146,0.05
2006,1,19,134.25,0.05
2006,2,19,134.25,0.05
2006,3,19,134.25,0.05
2006,4,19,134.25,0.05
2007,1,19,49.75,0.05
2007,2,19,49.75,0.05
2007,3,19,49.75,0.05
2007,4,19,49.75,0.05
2008,1,19,48,0.05
2008,2,19,48,0.05
2008,3,19,48,0.05
2008,4,19,48,0.05
2009,1,19,56.25,0.05
2009,2,19,56.25,0.05
2009,3,19,56.25,0.05
2009,4,19,56.25,0.05
2010,1,19,50,0.05
2010,2,19,50,0.05
2010,3,19,50,0.05
2010,4,19,50,0.05
2011,1,19,67.25,0.05
2011,2,19,67.25,0.05
2011,3,19,67.25,0.05
2011,4,19,67.25,0.05
2012,1,19,88,0.05
2012,2,19,88,0.05
2012,3,19,88,0.05
2012,4,19,88,0.05
2013,1,19,71.25,0.05
2013,2,19,71.25,0.05
2013,3,19,71.25,0.05
2013,4,19,71.25,0.05
2014,1,19,28.75,0.05
2014,2,19,28.75,0.05
2014,3,19,28.75,0.05
2014,4,19,28.75,0.05
2015,1,19,45.25,0.05
2015,2,19,45.25,0.05
2015,3,19,45.25,0.05
2015,4,19,45.25,0.05
2016,1,19,33.75,0.05
2016,2,19,33.75,0.05
2016,3,19,33.75,0.05
2016,4,19,33.75,0.05
2017,1,19,72.75,0.05
2017,2,19,72.75,0.05
2017,3,19,72.75,0.05
2017,4,19,72.75,0.05
2018,1,19,64.75,0.05
2018,2,19,64.75,0.05
2018,3,19,64.75,0.05
2018,4,19,64.75,0.05
2019,1,19,78.5,0.05
2019,2,19,78.5,0.05
2019,3,19,78.5,0.05
2019,4,19,78.5,0.05
2020,1,19,76.75,0.05
2020,2,19,76.75,0.05
2020,3,19,76.75,0.05
2020,4,19,76.75,0.05
-999,1,20,0,0.05
-999,2,20,0,0.05
-999,3,20,0,0.05
-999,4,20,0,0.05
#1975,1,20,24,0.05
#1975,2,20,24,0.05
#1975,3,20,24,0.05
#1975,4,20,24,0.05
#1976,1,20,35,0.05
#1976,2,20,35,0.05
#1976,3,20,35,0.05
#1976,4,20,35,0.05
1977,1,20,54.75,0.05
1977,2,20,54.75,0.05
1977,3,20,54.75,0.05
1977,4,20,54.75,0.05
1978,1,20,19.5,0.05
1978,2,20,19.5,0.05
1978,3,20,19.5,0.05
1978,4,20,19.5,0.05
1979,1,20,30.5,0.05
1979,2,20,30.5,0.05
1979,3,20,30.5,0.05
1979,4,20,30.5,0.05
1980,1,20,32.88,0.05
1980,2,20,32.88,0.05
1980,3,20,32.88,0.05
1980,4,20,32.88,0.05
1981,1,20,23.75,0.05
1981,2,20,23.75,0.05
1981,3,20,23.75,0.05
1981,4,20,23.75,0.05
1982,1,20,34.5,0.05
1982,2,20,34.5,0.05
1982,3,20,34.5,0.05
1982,4,20,34.5,0.05
1983,1,20,53.5,0.05
1983,2,20,53.5,0.05
1983,3,20,53.5,0.05
1983,4,20,53.5,0.05
1984,1,20,82.5,0.05
1984,2,20,82.5,0.05
1984,3,20,82.5,0.05
1984,4,20,82.5,0.05
1985,1,20,45.25,0.05
1985,2,20,45.25,0.05
1985,3,20,45.25,0.05
1985,4,20,45.25,0.05
1986,1,20,37,0.05
1986,2,20,37,0.05
1986,3,20,37,0.05
1986,4,20,37,0.05
1987,1,20,37.75,0.05
1987,2,20,37.75,0.05
1987,3,20,37.75,0.05
1987,4,20,37.75,0.05
1988,1,20,42.25,0.05
1988,2,20,42.25,0.05
1988,3,20,42.25,0.05
1988,4,20,42.25,0.05
1989,1,20,39.25,0.05
1989,2,20,39.25,0.05
1989,3,20,39.25,0.05
1989,4,20,39.25,0.05
1990,1,20,64,0.05
1990,2,20,64,0.05
1990,3,20,64,0.05
1990,4,20,64,0.05
1991,1,20,71.5,0.05
1991,2,20,71.5,0.05
1991,3,20,71.5,0.05
1991,4,20,71.5,0.05
1992,1,20,49.25,0.05
1992,2,20,49.25,0.05
1992,3,20,49.25,0.05
1992,4,20,49.25,0.05
1993,1,20,35.5,0.05
1993,2,20,35.5,0.05
1993,3,20,35.5,0.05
1993,4,20,35.5,0.05
1994,1,20,49,0.05
1994,2,20,49,0.05
1994,3,20,49,0.05
1994,4,20,49,0.05
1995,1,20,20.5,0.05
1995,2,20,20.5,0.05
1995,3,20,20.5,0.05
1995,4,20,20.5,0.05
1996,1,20,11.75,0.05
1996,2,20,11.75,0.05
1996,3,20,11.75,0.05
1996,4,20,11.75,0.05
1997,1,20,11.75,0.05
1997,2,20,11.75,0.05
1997,3,20,11.75,0.05
1997,4,20,11.75,0.05
1998,1,20,12.5,0.05
1998,2,20,12.5,0.05
1998,3,20,12.5,0.05
1998,4,20,12.5,0.05
1999,1,20,10.5,0.05
1999,2,20,10.5,0.05
1999,3,20,10.5,0.05
1999,4,20,10.5,0.05
2000,1,20,13.75,0.05
2000,2,20,13.75,0.05
2000,3,20,13.75,0.05
2000,4,20,13.75,0.05
2001,1,20,12.75,0.05
2001,2,20,12.75,0.05
2001,3,20,12.75,0.05
2001,4,20,12.75,0.05
2002,1,20,7.25,0.05
2002,2,20,7.25,0.05
2002,3,20,7.25,0.05
2002,4,20,7.25,0.05
2003,1,20,10.75,0.05
2003,2,20,10.75,0.05
2003,3,20,10.75,0.05
2003,4,20,10.75,0.05
2004,1,20,6,0.05
2004,2,20,6,0.05
2004,3,20,6,0.05
2004,4,20,6,0.05
2005,1,20,8,0.05
2005,2,20,8,0.05
2005,3,20,8,0.05
2005,4,20,8,0.05
2006,1,20,36.75,0.05
2006,2,20,36.75,0.05
2006,3,20,36.75,0.05
2006,4,20,36.75,0.05
2007,1,20,42.5,0.05
2007,2,20,42.5,0.05
2007,3,20,42.5,0.05
2007,4,20,42.5,0.05
2008,1,20,53.25,0.05
2008,2,20,53.25,0.05
2008,3,20,53.25,0.05
2008,4,20,53.25,0.05
2009,1,20,34.5,0.05
2009,2,20,34.5,0.05
2009,3,20,34.5,0.05
2009,4,20,34.5,0.05
2010,1,20,44,0.05
2010,2,20,44,0.05
2010,3,20,44,0.05
2010,4,20,44,0.05
2011,1,20,31.75,0.05
2011,2,20,31.75,0.05
2011,3,20,31.75,0.05
2011,4,20,31.75,0.05
2012,1,20,37.5,0.05
2012,2,20,37.5,0.05
2012,3,20,37.5,0.05
2012,4,20,37.5,0.05
2013,1,20,55,0.05
2013,2,20,55,0.05
2013,3,20,55,0.05
2013,4,20,55,0.05
2014,1,20,17.45,0.05
2014,2,20,17.45,0.05
2014,3,20,17.45,0.05
2014,4,20,17.45,0.05
2015,1,20,8.23,0.05
2015,2,20,8.23,0.05
2015,3,20,8.23,0.05
2015,4,20,8.23,0.05
2016,1,20,6.08,0.05
2016,2,20,6.08,0.05
2016,3,20,6.08,0.05
2016,4,20,6.08,0.05
2017,1,20,12.08,0.05
2017,2,20,12.08,0.05
2017,3,20,12.08,0.05
2017,4,20,12.08,0.05
2018,1,20,8.21,0.05
2018,2,20,8.21,0.05
2018,3,20,8.21,0.05
2018,4,20,8.21,0.05
2019,1,20,8.47,0.05
2019,2,20,8.47,0.05
2019,3,20,8.47,0.05
2019,4,20,8.47,0.05
2020,1,20,8.35,0.05
2020,2,20,8.35,0.05
2020,3,20,8.35,0.05
2020,4,20,8.35,0.05
-999,1,21,0,0.05
-999,2,21,0,0.05
-999,3,21,0,0.05
-999,4,21,0,0.05
#1975,1,21,6,0.05
#1975,2,21,6,0.05
#1975,3,21,6,0.05
#1975,4,21,6,0.05
#1976,1,21,14,0.05
#1976,2,21,14,0.05
#1976,3,21,14,0.05
#1976,4,21,14,0.05
1977,1,21,11.25,0.05
1977,2,21,11.25,0.05
1977,3,21,11.25,0.05
1977,4,21,11.25,0.05
1978,1,21,15,0.05
1978,2,21,15,0.05
1978,3,21,15,0.05
1978,4,21,15,0.05
1979,1,21,20,0.05
1979,2,21,20,0.05
1979,3,21,20,0.05
1979,4,21,20,0.05
1980,1,21,7.5,0.05
1980,2,21,7.5,0.05
1980,3,21,7.5,0.05
1980,4,21,7.5,0.05
1981,1,21,27,0.05
1981,2,21,27,0.05
1981,3,21,27,0.05
1981,4,21,27,0.05
1982,1,21,29.25,0.05
1982,2,21,29.25,0.05
1982,3,21,29.25,0.05
1982,4,21,29.25,0.05
1983,1,21,16,0.05
1983,2,21,16,0.05
1983,3,21,16,0.05
1983,4,21,16,0.05
1984,1,21,20.75,0.05
1984,2,21,20.75,0.05
1984,3,21,20.75,0.05
1984,4,21,20.75,0.05
1985,1,21,17.25,0.05
1985,2,21,17.25,0.05
1985,3,21,17.25,0.05
1985,4,21,17.25,0.05
1986,1,21,18.5,0.05
1986,2,21,18.5,0.05
1986,3,21,18.5,0.05
1986,4,21,18.5,0.05
1987,1,21,37,0.05
1987,2,21,37,0.05
1987,3,21,37,0.05
1987,4,21,37,0.05
1988,1,21,31.75,0.05
1988,2,21,31.75,0.05
1988,3,21,31.75,0.05
1988,4,21,31.75,0.05
1989,1,21,27.25,0.05
1989,2,21,27.25,0.05
1989,3,21,27.25,0.05
1989,4,21,27.25,0.05
1990,1,21,10.75,0.05
1990,2,21,10.75,0.05
1990,3,21,10.75,0.05
1990,4,21,10.75,0.05
1991,1,21,6,0.05
1991,2,21,6,0.05
1991,3,21,6,0.05
1991,4,21,6,0.05
1992,1,21,17.5,0.05
1992,2,21,17.5,0.05
1992,3,21,17.5,0.05
1992,4,21,17.5,0.05
1993,1,21,48.5,0.05
1993,2,21,48.5,0.05
1993,3,21,48.5,0.05
1993,4,21,48.5,0.05
1994,1,21,84.75,0.05
1994,2,21,84.75,0.05
1994,3,21,84.75,0.05
1994,4,21,84.75,0.05
1995,1,21,80,0.05
1995,2,21,80,0.05
1995,3,21,80,0.05
1995,4,21,80,0.05
1996,1,21,45.75,0.05
1996,2,21,45.75,0.05
1996,3,21,45.75,0.05
1996,4,21,45.75,0.05
1997,1,21,37.5,0.05
1997,2,21,37.5,0.05
1997,3,21,37.5,0.05
1997,4,21,37.5,0.05
1998,1,21,65,0.05
1998,2,21,65,0.05
1998,3,21,65,0.05
1998,4,21,65,0.05
1999,1,21,76.5,0.05
1999,2,21,76.5,0.05
1999,3,21,76.5,0.05
1999,4,21,76.5,0.05
2000,1,21,42.5,0.05
2000,2,21,42.5,0.05
2000,3,21,42.5,0.05
2000,4,21,42.5,0.05
2001,1,21,38.75,0.05
2001,2,21,38.75,0.05
2001,3,21,38.75,0.05
2001,4,21,38.75,0.05
2002,1,21,55.75,0.05
2002,2,21,55.75,0.05
2002,3,21,55.75,0.05
2002,4,21,55.75,0.05
2003,1,21,99.75,0.05
2003,2,21,99.75,0.05
2003,3,21,99.75,0.05
2003,4,21,99.75,0.05
2004,1,21,68.25,0.05
2004,2,21,68.25,0.05
2004,3,21,68.25,0.05
2004,4,21,68.25,0.05
2005,1,21,70.5,0.05
2005,2,21,70.5,0.05
2005,3,21,70.5,0.05
2005,4,21,70.5,0.05
2006,1,21,60,0.05
2006,2,21,60,0.05
2006,3,21,60,0.05
2006,4,21,60,0.05
2007,1,21,35.25,0.05
2007,2,21,35.25,0.05
2007,3,21,35.25,0.05
2007,4,21,35.25,0.05
2008,1,21,52.75,0.05
2008,2,21,52.75,0.05
2008,3,21,52.75,0.05
2008,4,21,52.75,0.05
2009,1,21,29.75,0.05
2009,2,21,29.75,0.05
2009,3,21,29.75,0.05
2009,4,21,29.75,0.05
2010,1,21,31.75,0.05
2010,2,21,31.75,0.05
2010,3,21,31.75,0.05
2010,4,21,31.75,0.05
2011,1,21,55,0.05
2011,2,21,55,0.05
2011,3,21,55,0.05
2011,4,21,55,0.05
2012,1,21,57.25,0.05
2012,2,21,57.25,0.05
2012,3,21,57.25,0.05
2012,4,21,57.25,0.05
2013,1,21,16.75,0.05
2013,2,21,16.75,0.05
2013,3,21,16.75,0.05
2013,4,21,16.75,0.05
2014,1,21,144,0.05
2014,2,21,144,0.05
2014,3,21,144,0.05
2014,4,21,144,0.05
2015,1,21,156.25,0.05
2015,2,21,156.25,0.05
2015,3,21,156.25,0.05
2015,4,21,156.25,0.05
2016,1,21,98.5,0.05
2016,2,21,98.5,0.05
2016,3,21,98.5,0.05
2016,4,21,98.5,0.05
2017,1,21,59.75,0.05
2017,2,21,59.75,0.05
2017,3,21,59.75,0.05
2017,4,21,59.75,0.05
2018,1,21,41.25,0.05
2018,2,21,41.25,0.05
2018,3,21,41.25,0.05
2018,4,21,41.25,0.05
2019,1,21,38.75,0.05
2019,2,21,38.75,0.05
2019,3,21,38.75,0.05
2019,4,21,38.75,0.05
2020,1,21,29.75,0.05
2020,2,21,29.75,0.05
2020,3,21,29.75,0.05
2020,4,21,29.75,0.05
-999,1,22,0,0.05
-999,2,22,0,0.01
-999,3,22,0,0.01
-999,4,22,0,0.01
#1975,1,22,0.86,0.05
#1975,2,22,0,0.01
#1975,3,22,0,0.01
#1975,4,22,0,0.01
#1976,1,22,1.86,0.05
#1976,2,22,0,0.01
#1976,3,22,0,0.01
#1976,4,22,0,0.01
1977,1,22,1.33,0.05
1977,2,22,0,0.01
1977,3,22,0,0.01
1977,4,22,0,0.01
1978,1,22,0.63,0.05
1978,2,22,0,0.01
1978,3,22,0,0.01
1978,4,22,0,0.01
1979,1,22,0.99,0.05
1979,2,22,0,0.01
1979,3,22,0,0.01
1979,4,22,0,0.01
1980,1,22,0.89,0.05
1980,2,22,0,0.01
1980,3,22,0,0.01
1980,4,22,0,0.01
1981,1,22,1.36,0.05
1981,2,22,0,0.01
1981,3,22,0,0.01
1981,4,22,0,0.01
1982,1,22,0.82,0.05
1982,2,22,0,0.01
1982,3,22,0,0.01
1982,4,22,0,0.01
1983,1,22,0.87,0.05
1983,2,22,0,0.01
1983,3,22,0,0.01
1983,4,22,0,0.01
1984,1,22,1.54,0.05
1984,2,22,0,0.01
1984,3,22,0,0.01
1984,4,22,0,0.01
1985,1,22,1.67,0.05
1985,2,22,0,0.01
1985,3,22,0,0.01
1985,4,22,0,0.01
1986,1,22,1.29,0.05
1986,2,22,0,0.01
1986,3,22,0,0.01
1986,4,22,0,0.01
1987,1,22,1.36,0.05
1987,2,22,0,0.01
1987,3,22,0,0.01
1987,4,22,0,0.01
1988,1,22,2.55,0.05
1988,2,22,0,0.01
1988,3,22,0,0.01
1988,4,22,0,0.01
1989,1,22,1.41,0.05
1989,2,22,0,0.01
1989,3,22,0,0.01
1989,4,22,0,0.01
1990,1,22,1.46,0.05
1990,2,22,0,0.01
1990,3,22,0,0.01
1990,4,22,0,0.01
1991,1,22,0.67,0.05
1991,2,22,0,0.01
1991,3,22,0,0.01
1991,4,22,0,0.01
1992,1,22,0.77,0.05
1992,2,22,0,0.01
1992,3,22,0,0.01
1992,4,22,0,0.01
1993,1,22,0.96,0.05
1993,2,22,0,0.01
1993,3,22,0,0.01
1993,4,22,0,0.01
1994,1,22,0,0.01
1994,2,22,0,0.01
1994,3,22,0,0.01
1994,4,22,0,0.01
1995,1,22,0,0.01
1995,2,22,0,0.01
1995,3,22,0,0.01
1995,4,22,0,0.01
1996,1,22,0,0.01
1996,2,22,0,0.01
1996,3,22,0,0.01
1996,4,22,0,0.01
1997,1,22,0,0.01
1997,2,22,0,0.01
1997,3,22,0,0.01
1997,4,22,0,0.01
1998,1,22,0,0.01
1998,2,22,0,0.01
1998,3,22,0,0.01
1998,4,22,0,0.01
1999,1,22,0,0.01
1999,2,22,0,0.01
1999,3,22,0,0.01
1999,4,22,0,0.01
2000,1,22,0,0.01
2000,2,22,0,0.01
2000,3,22,0,0.01
2000,4,22,0,0.01
2001,1,22,0,0.01
2001,2,22,0,0.01
2001,3,22,0,0.01
2001,4,22,0,0.01
2002,1,22,0,0.01
2002,2,22,0,0.01
2002,3,22,0,0.01
2002,4,22,0,0.01
2003,1,22,0,0.01
2003,2,22,0,0.01
2003,3,22,0,0.01
2003,4,22,0,0.01
2004,1,22,0,0.01
2004,2,22,0,0.01
2004,3,22,0,0.01
2004,4,22,0,0.01
2005,1,22,0,0.01
2005,2,22,0,0.01
2005,3,22,0,0.01
2005,4,22,0,0.01
2006,1,22,0,0.01
2006,2,22,0,0.01
2006,3,22,0,0.01
2006,4,22,0,0.01
2007,1,22,0,0.01
2007,2,22,0,0.01
2007,3,22,0,0.01
2007,4,22,0,0.01
2008,1,22,0,0.01
2008,2,22,0,0.01
2008,3,22,0,0.01
2008,4,22,0,0.01
2009,1,22,0,0.01
2009,2,22,0,0.01
2009,3,22,0,0.01
2009,4,22,0,0.01
2010,1,22,0,0.01
2010,2,22,0,0.01
2010,3,22,0,0.01
2010,4,22,0,0.01
2011,1,22,0,0.01
2011,2,22,0,0.01
2011,3,22,0,0.01
2011,4,22,0,0.01
2012,1,22,0,0.01
2012,2,22,0,0.01
2012,3,22,0,0.01
2012,4,22,0,0.01
2013,1,22,0,0.01
2013,2,22,0,0.01
2013,3,22,0,0.01
2013,4,22,0,0.01
2014,1,22,0,0.01
2014,2,22,0,0.01
2014,3,22,0,0.01
2014,4,22,0,0.01
2015,1,22,0,0.01
2015,2,22,0,0.01
2015,3,22,0,0.01
2015,4,22,0,0.01
2016,1,22,0,0.01
2016,2,22,0,0.01
2016,3,22,0,0.01
2016,4,22,0,0.01
2017,1,22,0,0.01
2017,2,22,0,0.01
2017,3,22,0,0.01
2017,4,22,0,0.01
2018,1,22,0,0.01
2018,2,22,0,0.01
2018,3,22,0,0.01
2018,4,22,0,0.01
2019,1,22,0,0.01
2019,2,22,0,0.01
2019,3,22,0,0.01
2019,4,22,0,0.01
2020,1,22,0,0.01
2020,2,22,0,0.01
2020,3,22,0,0.01
2020,4,22,0,0.01
-999,1,23,0,0.01
-999,2,23,0,0.01
-999,3,23,0,0.05
-999,4,23,0,0.01
#1975,1,23,0,0.01
#1975,2,23,0,0.01
#1975,3,23,7.95,0.05
#1975,4,23,0,0.01
#1976,1,23,0,0.01
#1976,2,23,0,0.01
#1976,3,23,3.26,0.05
#1976,4,23,0,0.01
1977,1,23,0,0.01
1977,2,23,0,0.01
1977,3,23,2.29,0.05
1977,4,23,0,0.01
1978,1,23,0,0.01
1978,2,23,0,0.01
1978,3,23,2.84,0.05
1978,4,23,0,0.01
1979,1,23,0,0.01
1979,2,23,0,0.01
1979,3,23,5.72,0.05
1979,4,23,0,0.01
1980,1,23,0,0.01
1980,2,23,0,0.01
1980,3,23,5.94,0.05
1980,4,23,0,0.01
1981,1,23,0,0.01
1981,2,23,0,0.01
1981,3,23,3.46,0.05
1981,4,23,0,0.01
1982,1,23,0,0.01
1982,2,23,0,0.01
1982,3,23,3.24,0.05
1982,4,23,0,0.01
1983,1,23,0,0.01
1983,2,23,0,0.01
1983,3,23,2.73,0.05
1983,4,23,0,0.01
1984,1,23,0,0.01
1984,2,23,0,0.01
1984,3,23,5.5,0.05
1984,4,23,0,0.01
1985,1,23,0,0.01
1985,2,23,0,0.01
1985,3,23,15.56,0.05
1985,4,23,0,0.01
1986,1,23,0,0.01
1986,2,23,0,0.01
1986,3,23,9.71,0.05
1986,4,23,0,0.01
1987,1,23,0,0.01
1987,2,23,0,0.01
1987,3,23,6.85,0.05
1987,4,23,0,0.01
1988,1,23,0,0.01
1988,2,23,0,0.01
1988,3,23,13.88,0.05
1988,4,23,0,0.01
1989,1,23,0,0.01
1989,2,23,0,0.01
1989,3,23,8.64,0.05
1989,4,23,0,0.01
1990,1,23,0,0.01
1990,2,23,0,0.01
1990,3,23,6.17,0.05
1990,4,23,0,0.01
1991,1,23,0,0.01
1991,2,23,0,0.01
1991,3,23,7.68,0.05
1991,4,23,0,0.01
1992,1,23,0,0.01
1992,2,23,0,0.01
1992,3,23,8.63,0.05
1992,4,23,0,0.01
1993,1,23,0,0.01
1993,2,23,0,0.01
1993,3,23,9.88,0.05
1993,4,23,0,0.01
1994,1,23,0,0.01
1994,2,23,0,0.01
1994,3,23,0,0.01
1994,4,23,0,0.01
1995,1,23,0,0.01
1995,2,23,0,0.01
1995,3,23,0,0.01
1995,4,23,0,0.01
1996,1,23,0,0.01
1996,2,23,0,0.01
1996,3,23,0,0.01
1996,4,23,0,0.01
1997,1,23,0,0.01
1997,2,23,0,0.01
1997,3,23,0,0.01
1997,4,23,0,0.01
1998,1,23,0,0.01
1998,2,23,0,0.01
1998,3,23,0,0.01
1998,4,23,0,0.01
1999,1,23,0,0.01
1999,2,23,0,0.01
1999,3,23,0,0.01
1999,4,23,0,0.01
2000,1,23,0,0.01
2000,2,23,0,0.01
2000,3,23,0,0.01
2000,4,23,0,0.01
2001,1,23,0,0.01
2001,2,23,0,0.01
2001,3,23,0,0.01
2001,4,23,0,0.01
2002,1,23,0,0.01
2002,2,23,0,0.01
2002,3,23,0,0.01
2002,4,23,0,0.01
2003,1,23,0,0.01
2003,2,23,0,0.01
2003,3,23,0,0.01
2003,4,23,0,0.01
2004,1,23,0,0.01
2004,2,23,0,0.01
2004,3,23,0,0.01
2004,4,23,0,0.01
2005,1,23,0,0.01
2005,2,23,0,0.01
2005,3,23,0,0.01
2005,4,23,0,0.01
2006,1,23,0,0.01
2006,2,23,0,0.01
2006,3,23,0,0.01
2006,4,23,0,0.01
2007,1,23,0,0.01
2007,2,23,0,0.01
2007,3,23,0,0.01
2007,4,23,0,0.01
2008,1,23,0,0.01
2008,2,23,0,0.01
2008,3,23,0,0.01
2008,4,23,0,0.01
2009,1,23,0,0.01
2009,2,23,0,0.01
2009,3,23,0,0.01
2009,4,23,0,0.01
2010,1,23,0,0.01
2010,2,23,0,0.01
2010,3,23,0,0.01
2010,4,23,0,0.01
2011,1,23,0,0.01
2011,2,23,0,0.01
2011,3,23,0,0.01
2011,4,23,0,0.01
2012,1,23,0,0.01
2012,2,23,0,0.01
2012,3,23,0,0.01
2012,4,23,0,0.01
2013,1,23,0,0.01
2013,2,23,0,0.01
2013,3,23,0,0.01
2013,4,23,0,0.01
2014,1,23,0,0.01
2014,2,23,0,0.01
2014,3,23,0,0.01
2014,4,23,0,0.01
2015,1,23,0,0.01
2015,2,23,0,0.01
2015,3,23,0,0.01
2015,4,23,0,0.01
2016,1,23,0,0.01
2016,2,23,0,0.01
2016,3,23,0,0.01
2016,4,23,0,0.01
2017,1,23,0,0.01
2017,2,23,0,0.01
2017,3,23,0,0.01
2017,4,23,0,0.01
2018,1,23,0,0.01
2018,2,23,0,0.01
2018,3,23,0,0.01
2018,4,23,0,0.01
2019,1,23,0,0.01
2019,2,23,0,0.01
2019,3,23,0,0.01
2019,4,23,0,0.01
2020,1,23,0,0.01
2020,2,23,0,0.01
2020,3,23,0,0.01
2020,4,23,0,0.01
-999,1,24,0,0.01
-999,2,24,0,0.01
-999,3,24,0,0.01
-999,4,24,0,0.01
#1975,1,24,0,0.01
#1975,2,24,0,0.01
#1975,3,24,0,0.01
#1975,4,24,0,0.01
#1976,1,24,0,0.01
#1976,2,24,0,0.01
#1976,3,24,0,0.01
#1976,4,24,0,0.01
1977,1,24,0.01,0.05
1977,2,24,0,0.01
1977,3,24,0,0.01
1977,4,24,28.8,0.05
1978,1,24,1.06,0.05
1978,2,24,0,0.01
1978,3,24,0,0.01
1978,4,24,28.96,0.05
1979,1,24,0.59,0.05
1979,2,24,0,0.01
1979,3,24,0,0.01
1979,4,24,26.29,0.05
1980,1,24,2.74,0.05
1980,2,24,0,0.01
1980,3,24,0,0.01
1980,4,24,28.49,0.05
1981,1,24,6.32,0.05
1981,2,24,0,0.01
1981,3,24,0,0.01
1981,4,24,25.62,0.05
1982,1,24,3.91,0.05
1982,2,24,0,0.01
1982,3,24,0,0.01
1982,4,24,9.94,0.05
1983,1,24,3.68,0.05
1983,2,24,0,0.01
1983,3,24,0,0.01
1983,4,24,9.24,0.05
1984,1,24,3.33,0.05
1984,2,24,0,0.01
1984,3,24,0,0.01
1984,4,24,16.84,0.05
1985,1,24,3.08,0.05
1985,2,24,0,0.01
1985,3,24,0,0.01
1985,4,24,22.23,0.05
1986,1,24,3.86,0.05
1986,2,24,0,0.01
1986,3,24,0,0.01
1986,4,24,22.26,0.05
1987,1,24,2.42,0.05
1987,2,24,0,0.01
1987,3,24,0,0.01
1987,4,24,8.29,0.05
1988,1,24,9.91,0.05
1988,2,24,0,0.01
1988,3,24,0,0.01
1988,4,24,8.66,0.05
1989,1,24,4.45,0.05
1989,2,24,0,0.01
1989,3,24,0,0.01
1989,4,24,11.31,0.05
1990,1,24,8.29,0.05
1990,2,24,0,0.01
1990,3,24,0,0.01
1990,4,24,18.59,0.05
1991,1,24,4.85,0.05
1991,2,24,0,0.01
1991,3,24,0,0.01
1991,4,24,16.22,0.05
1992,1,24,4.42,0.05
1992,2,24,0,0.01
1992,3,24,0,0.01
1992,4,24,11.23,0.05
1993,1,24,4.16,0.05
1993,2,24,0,0.01
1993,3,24,0,0.01
1993,4,24,8.66,0.05
1994,1,24,0,0.01
1994,2,24,0,0.01
1994,3,24,0,0.01
1994,4,24,0,0.01
1995,1,24,0,0.01
1995,2,24,0,0.01
1995,3,24,0,0.01
1995,4,24,0,0.01
1996,1,24,0,0.01
1996,2,24,0,0.01
1996,3,24,0,0.01
1996,4,24,0,0.01
1997,1,24,0,0.01
1997,2,24,0,0.01
1997,3,24,0,0.01
1997,4,24,0,0.01
1998,1,24,0,0.01
1998,2,24,0,0.01
1998,3,24,0,0.01
1998,4,24,0,0.01
1999,1,24,0,0.01
1999,2,24,0,0.01
1999,3,24,0,0.01
1999,4,24,0,0.01
2000,1,24,0,0.01
2000,2,24,0,0.01
2000,3,24,0,0.01
2000,4,24,0,0.01
2001,1,24,0,0.01
2001,2,24,0,0.01
2001,3,24,0,0.01
2001,4,24,0,0.01
2002,1,24,0,0.01
2002,2,24,0,0.01
2002,3,24,0,0.01
2002,4,24,0,0.01
2003,1,24,0,0.01
2003,2,24,0,0.01
2003,3,24,0,0.01
2003,4,24,0,0.01
2004,1,24,0,0.01
2004,2,24,0,0.01
2004,3,24,0,0.01
2004,4,24,0,0.01
2005,1,24,0,0.01
2005,2,24,0,0.01
2005,3,24,0,0.01
2005,4,24,0,0.01
2006,1,24,0,0.01
2006,2,24,0,0.01
2006,3,24,0,0.01
2006,4,24,0,0.01
2007,1,24,0,0.01
2007,2,24,0,0.01
2007,3,24,0,0.01
2007,4,24,0,0.01
2008,1,24,0,0.01
2008,2,24,0,0.01
2008,3,24,0,0.01
2008,4,24,0,0.01
2009,1,24,0,0.01
2009,2,24,0,0.01
2009,3,24,0,0.01
2009,4,24,0,0.01
2010,1,24,0,0.01
2010,2,24,0,0.01
2010,3,24,0,0.01
2010,4,24,0,0.01
2011,1,24,0,0.01
2011,2,24,0,0.01
2011,3,24,0,0.01
2011,4,24,0,0.01
2012,1,24,0,0.01
2012,2,24,0,0.01
2012,3,24,0,0.01
2012,4,24,0,0.01
2013,1,24,0,0.01
2013,2,24,0,0.01
2013,3,24,0,0.01
2013,4,24,0,0.01
2014,1,24,0,0.01
2014,2,24,0,0.01
2014,3,24,0,0.01
2014,4,24,0,0.01
2015,1,24,0,0.01
2015,2,24,0,0.01
2015,3,24,0,0.01
2015,4,24,0,0.01
2016,1,24,0,0.01
2016,2,24,0,0.01
2016,3,24,0,0.01
2016,4,24,0,0.01
2017,1,24,0,0.01
2017,2,24,0,0.01
2017,3,24,0,0.01
2017,4,24,0,0.01
2018,1,24,0,0.01
2018,2,24,0,0.01
2018,3,24,0,0.01
2018,4,24,0,0.01
2019,1,24,0,0.01
2019,2,24,0,0.01
2019,3,24,0,0.01
2019,4,24,0,0.01
2020,1,24,0,0.01
2020,2,24,0,0.01
2020,3,24,0,0.01
2020,4,24,0,0.01
-999,1,25,0,0.05
-999,2,25,0,0.05
-999,3,25,0,0.05
-999,4,25,0,0.05
#1975,1,25,0,0.01
#1975,2,25,0,0.01
#1975,3,25,0,0.01
#1975,4,25,0,0.01
#1976,1,25,0,0.01
#1976,2,25,0,0.01
#1976,3,25,0,0.01
#1976,4,25,0,0.01
1977,1,25,0,0.01
1977,2,25,0.45,0.05
1977,3,25,38.64,0.05
1977,4,25,0,0.01
1978,1,25,0,0.01
1978,2,25,0.71,0.05
1978,3,25,83.35,0.05
1978,4,25,0,0.01
1979,1,25,0,0.01
1979,2,25,1.52,0.05
1979,3,25,49.97,0.05
1979,4,25,0,0.01
1980,1,25,0,0.01
1980,2,25,3.92,0.05
1980,3,25,106.91,0.05
1980,4,25,0,0.01
1981,1,25,0,0.01
1981,2,25,2.54,0.05
1981,3,25,101.71,0.05
1981,4,25,0,0.01
1982,1,25,0,0.01
1982,2,25,5.4,0.05
1982,3,25,24.51,0.05
1982,4,25,0,0.01
1983,1,25,0,0.01
1983,2,25,5.94,0.05
1983,3,25,33.4,0.05
1983,4,25,0,0.01
1984,1,25,0,0.01
1984,2,25,7.4,0.05
1984,3,25,33.5,0.05
1984,4,25,0,0.01
1985,1,25,0,0.01
1985,2,25,16.24,0.05
1985,3,25,59.91,0.05
1985,4,25,0,0.01
1986,1,25,0,0.01
1986,2,25,2.43,0.05
1986,3,25,72.72,0.05
1986,4,25,0,0.01
1987,1,25,0,0.01
1987,2,25,6.69,0.05
1987,3,25,60.18,0.05
1987,4,25,0,0.01
1988,1,25,0,0.01
1988,2,25,13.38,0.05
1988,3,25,62.37,0.05
1988,4,25,0,0.01
1989,1,25,0,0.01
1989,2,25,11.8,0.05
1989,3,25,41.94,0.05
1989,4,25,0,0.01
1990,1,25,0,0.01
1990,2,25,11.2,0.05
1990,3,25,18.46,0.05
1990,4,25,0,0.01
1991,1,25,0,0.01
1991,2,25,4.46,0.05
1991,3,25,18.16,0.05
1991,4,25,0,0.01
1992,1,25,0,0.01
1992,2,25,5.79,0.05
1992,3,25,18.36,0.05
1992,4,25,0,0.01
1993,1,25,0,0.01
1993,2,25,1.92,0.05
1993,3,25,18.32,0.05
1993,4,25,0,0.01
1994,1,25,0,0.01
1994,2,25,0,0.01
1994,3,25,0,0.01
1994,4,25,0,0.01
1995,1,25,0,0.01
1995,2,25,0,0.01
1995,3,25,0,0.01
1995,4,25,0,0.01
1996,1,25,0,0.01
1996,2,25,0,0.01
1996,3,25,0,0.01
1996,4,25,0,0.01
1997,1,25,0,0.01
1997,2,25,0,0.01
1997,3,25,0,0.01
1997,4,25,0,0.01
1998,1,25,0,0.01
1998,2,25,0,0.01
1998,3,25,0,0.01
1998,4,25,0,0.01
1999,1,25,0,0.01
1999,2,25,0,0.01
1999,3,25,0,0.01
1999,4,25,0,0.01
2000,1,25,0,0.01
2000,2,25,0,0.01
2000,3,25,0,0.01
2000,4,25,0,0.01
2001,1,25,0,0.01
2001,2,25,0,0.01
2001,3,25,0,0.01
2001,4,25,0,0.01
2002,1,25,0,0.01
2002,2,25,0,0.01
2002,3,25,0,0.01
2002,4,25,0,0.01
2003,1,25,0,0.01
2003,2,25,0,0.01
2003,3,25,0,0.01
2003,4,25,0,0.01
2004,1,25,0,0.01
2004,2,25,0,0.01
2004,3,25,0,0.01
2004,4,25,0,0.01
2005,1,25,0,0.01
2005,2,25,0,0.01
2005,3,25,0,0.01
2005,4,25,0,0.01
2006,1,25,0,0.01
2006,2,25,0,0.01
2006,3,25,0,0.01
2006,4,25,0,0.01
2007,1,25,0,0.01
2007,2,25,0,0.01
2007,3,25,0,0.01
2007,4,25,0,0.01
2008,1,25,0,0.01
2008,2,25,0,0.01
2008,3,25,0,0.01
2008,4,25,0,0.01
2009,1,25,0,0.01
2009,2,25,0,0.01
2009,3,25,0,0.01
2009,4,25,0,0.01
2010,1,25,0,0.01
2010,2,25,0,0.01
2010,3,25,0,0.01
2010,4,25,0,0.01
2011,1,25,0,0.01
2011,2,25,0,0.01
2011,3,25,0,0.01
2011,4,25,0,0.01
2012,1,25,0,0.01
2012,2,25,0,0.01
2012,3,25,0,0.01
2012,4,25,0,0.01
2013,1,25,0,0.01
2013,2,25,0,0.01
2013,3,25,0,0.01
2013,4,25,0,0.01
2014,1,25,0,0.01
2014,2,25,0,0.01
2014,3,25,0,0.01
2014,4,25,0,0.01
2015,1,25,0,0.01
2015,2,25,0,0.01
2015,3,25,0,0.01
2015,4,25,0,0.01
2016,1,25,0,0.01
2016,2,25,0,0.01
2016,3,25,0,0.01
2016,4,25,0,0.01
2017,1,25,0,0.01
2017,2,25,0,0.01
2017,3,25,0,0.01
2017,4,25,0,0.01
2018,1,25,0,0.01
2018,2,25,0,0.01
2018,3,25,0,0.01
2018,4,25,0,0.01
2019,1,25,0,0.01
2019,2,25,0,0.01
2019,3,25,0,0.01
2019,4,25,0,0.01
2020,1,25,0,0.01
2020,2,25,0,0.01
2020,3,25,0,0.01
2020,4,25,0,0.01
